-- PRODUCTOS
INSERT INTO product_master (product_id, unit_of_measure, product_name, sku, product_code, unit, cost, price, category, location, active) VALUES
                                                                                                                                             ('P001', 'Unidad', 'Producto 1', 'SKU-001', 'COD-001', 'Unidad', 1010.00, 1510.00, 'Categoría 2', 'L2', TRUE),
                                                                                                                                             ('P002', 'Unidad', 'Producto 2', 'SKU-002', 'COD-002', 'Unidad', 1020.00, 1520.00, 'Categoría 3', 'L3', TRUE),
                                                                                                                                             ('P003', 'Unidad', 'Producto 3', 'SKU-003', 'COD-003', 'Unidad', 1030.00, 1530.00, 'Categoría 4', 'L4', TRUE),
                                                                                                                                             ('P004', 'Unidad', 'Producto 4', 'SKU-004', 'COD-004', 'Unidad', 1040.00, 1540.00, 'Categoría 5', 'L5', TRUE),
                                                                                                                                             ('P005', 'Unidad', 'Producto 5', 'SKU-005', 'COD-005', 'Unidad', 1050.00, 1550.00, 'Categoría 1', 'L6', TRUE),
                                                                                                                                             ('P006', 'Unidad', 'Producto 6', 'SKU-006', 'COD-006', 'Unidad', 1060.00, 1560.00, 'Categoría 2', 'L7', TRUE),
                                                                                                                                             ('P007', 'Unidad', 'Producto 7', 'SKU-007', 'COD-007', 'Unidad', 1070.00, 1570.00, 'Categoría 3', 'L8', TRUE),
                                                                                                                                             ('P008', 'Unidad', 'Producto 8', 'SKU-008', 'COD-008', 'Unidad', 1080.00, 1580.00, 'Categoría 4', 'L9', TRUE),
                                                                                                                                             ('P009', 'Unidad', 'Producto 9', 'SKU-009', 'COD-009', 'Unidad', 1090.00, 1590.00, 'Categoría 5', 'L10', TRUE),
                                                                                                                                             ('P010', 'Unidad', 'Producto 10', 'SKU-010', 'COD-010', 'Unidad', 1100.00, 1600.00, 'Categoría 1', 'L1', TRUE),
                                                                                                                                             ('P011', 'Unidad', 'Producto 11', 'SKU-011', 'COD-011', 'Unidad', 1110.00, 1610.00, 'Categoría 2', 'L2', TRUE),
                                                                                                                                             ('P012', 'Unidad', 'Producto 12', 'SKU-012', 'COD-012', 'Unidad', 1120.00, 1620.00, 'Categoría 3', 'L3', TRUE),
                                                                                                                                             ('P013', 'Unidad', 'Producto 13', 'SKU-013', 'COD-013', 'Unidad', 1130.00, 1630.00, 'Categoría 4', 'L4', TRUE),
                                                                                                                                             ('P014', 'Unidad', 'Producto 14', 'SKU-014', 'COD-014', 'Unidad', 1140.00, 1640.00, 'Categoría 5', 'L5', TRUE),
                                                                                                                                             ('P015', 'Unidad', 'Producto 15', 'SKU-015', 'COD-015', 'Unidad', 1150.00, 1650.00, 'Categoría 1', 'L6', TRUE),
                                                                                                                                             ('P016', 'Unidad', 'Producto 16', 'SKU-016', 'COD-016', 'Unidad', 1160.00, 1660.00, 'Categoría 2', 'L7', TRUE),
                                                                                                                                             ('P017', 'Unidad', 'Producto 17', 'SKU-017', 'COD-017', 'Unidad', 1170.00, 1670.00, 'Categoría 3', 'L8', TRUE),
                                                                                                                                             ('P018', 'Unidad', 'Producto 18', 'SKU-018', 'COD-018', 'Unidad', 1180.00, 1680.00, 'Categoría 4', 'L9', TRUE),
                                                                                                                                             ('P019', 'Unidad', 'Producto 19', 'SKU-019', 'COD-019', 'Unidad', 1190.00, 1690.00, 'Categoría 5', 'L10', TRUE),
                                                                                                                                             ('P020', 'Unidad', 'Producto 20', 'SKU-020', 'COD-020', 'Unidad', 1200.00, 1700.00, 'Categoría 1', 'L1', TRUE),
                                                                                                                                             ('P021', 'Unidad', 'Producto 21', 'SKU-021', 'COD-021', 'Unidad', 1210.00, 1710.00, 'Categoría 2', 'L2', TRUE),
                                                                                                                                             ('P022', 'Unidad', 'Producto 22', 'SKU-022', 'COD-022', 'Unidad', 1220.00, 1720.00, 'Categoría 3', 'L3', TRUE),
                                                                                                                                             ('P023', 'Unidad', 'Producto 23', 'SKU-023', 'COD-023', 'Unidad', 1230.00, 1730.00, 'Categoría 4', 'L4', TRUE),
                                                                                                                                             ('P024', 'Unidad', 'Producto 24', 'SKU-024', 'COD-024', 'Unidad', 1240.00, 1740.00, 'Categoría 5', 'L5', TRUE),
                                                                                                                                             ('P025', 'Unidad', 'Producto 25', 'SKU-025', 'COD-025', 'Unidad', 1250.00, 1750.00, 'Categoría 1', 'L6', TRUE),
                                                                                                                                             ('P026', 'Unidad', 'Producto 26', 'SKU-026', 'COD-026', 'Unidad', 1260.00, 1760.00, 'Categoría 2', 'L7', TRUE),
                                                                                                                                             ('P027', 'Unidad', 'Producto 27', 'SKU-027', 'COD-027', 'Unidad', 1270.00, 1770.00, 'Categoría 3', 'L8', TRUE),
                                                                                                                                             ('P028', 'Unidad', 'Producto 28', 'SKU-028', 'COD-028', 'Unidad', 1280.00, 1780.00, 'Categoría 4', 'L9', TRUE),
                                                                                                                                             ('P029', 'Unidad', 'Producto 29', 'SKU-029', 'COD-029', 'Unidad', 1290.00, 1790.00, 'Categoría 5', 'L10', TRUE),
                                                                                                                                             ('P030', 'Unidad', 'Producto 30', 'SKU-030', 'COD-030', 'Unidad', 1300.00, 1800.00, 'Categoría 1', 'L1', TRUE),
                                                                                                                                             ('P031', 'Unidad', 'Producto 31', 'SKU-031', 'COD-031', 'Unidad', 1310.00, 1810.00, 'Categoría 2', 'L2', TRUE),
                                                                                                                                             ('P032', 'Unidad', 'Producto 32', 'SKU-032', 'COD-032', 'Unidad', 1320.00, 1820.00, 'Categoría 3', 'L3', TRUE),
                                                                                                                                             ('P033', 'Unidad', 'Producto 33', 'SKU-033', 'COD-033', 'Unidad', 1330.00, 1830.00, 'Categoría 4', 'L4', TRUE),
                                                                                                                                             ('P034', 'Unidad', 'Producto 34', 'SKU-034', 'COD-034', 'Unidad', 1340.00, 1840.00, 'Categoría 5', 'L5', TRUE),
                                                                                                                                             ('P035', 'Unidad', 'Producto 35', 'SKU-035', 'COD-035', 'Unidad', 1350.00, 1850.00, 'Categoría 1', 'L6', TRUE),
                                                                                                                                             ('P036', 'Unidad', 'Producto 36', 'SKU-036', 'COD-036', 'Unidad', 1360.00, 1860.00, 'Categoría 2', 'L7', TRUE),
                                                                                                                                             ('P037', 'Unidad', 'Producto 37', 'SKU-037', 'COD-037', 'Unidad', 1370.00, 1870.00, 'Categoría 3', 'L8', TRUE),
                                                                                                                                             ('P038', 'Unidad', 'Producto 38', 'SKU-038', 'COD-038', 'Unidad', 1380.00, 1880.00, 'Categoría 4', 'L9', TRUE),
                                                                                                                                             ('P039', 'Unidad', 'Producto 39', 'SKU-039', 'COD-039', 'Unidad', 1390.00, 1890.00, 'Categoría 5', 'L10', TRUE),
                                                                                                                                             ('P040', 'Unidad', 'Producto 40', 'SKU-040', 'COD-040', 'Unidad', 1400.00, 1900.00, 'Categoría 1', 'L1', TRUE),
                                                                                                                                             ('P041', 'Unidad', 'Producto 41', 'SKU-041', 'COD-041', 'Unidad', 1410.00, 1910.00, 'Categoría 2', 'L2', TRUE),
                                                                                                                                             ('P042', 'Unidad', 'Producto 42', 'SKU-042', 'COD-042', 'Unidad', 1420.00, 1920.00, 'Categoría 3', 'L3', TRUE),
                                                                                                                                             ('P043', 'Unidad', 'Producto 43', 'SKU-043', 'COD-043', 'Unidad', 1430.00, 1930.00, 'Categoría 4', 'L4', TRUE),
                                                                                                                                             ('P044', 'Unidad', 'Producto 44', 'SKU-044', 'COD-044', 'Unidad', 1440.00, 1940.00, 'Categoría 5', 'L5', TRUE),
                                                                                                                                             ('P045', 'Unidad', 'Producto 45', 'SKU-045', 'COD-045', 'Unidad', 1450.00, 1950.00, 'Categoría 1', 'L6', TRUE),
                                                                                                                                             ('P046', 'Unidad', 'Producto 46', 'SKU-046', 'COD-046', 'Unidad', 1460.00, 1960.00, 'Categoría 2', 'L7', TRUE),
                                                                                                                                             ('P047', 'Unidad', 'Producto 47', 'SKU-047', 'COD-047', 'Unidad', 1470.00, 1970.00, 'Categoría 3', 'L8', TRUE),
                                                                                                                                             ('P048', 'Unidad', 'Producto 48', 'SKU-048', 'COD-048', 'Unidad', 1480.00, 1980.00, 'Categoría 4', 'L9', TRUE),
                                                                                                                                             ('P049', 'Unidad', 'Producto 49', 'SKU-049', 'COD-049', 'Unidad', 1490.00, 1990.00, 'Categoría 5', 'L10', TRUE),
                                                                                                                                             ('P050', 'Unidad', 'Producto 50', 'SKU-050', 'COD-050', 'Unidad', 1500.00, 2000.00, 'Categoría 1', 'L1', TRUE),
                                                                                                                                             ('P051', 'Unidad', 'Producto 51', 'SKU-051', 'COD-051', 'Unidad', 1510.00, 2010.00, 'Categoría 2', 'L2', TRUE),
                                                                                                                                             ('P052', 'Unidad', 'Producto 52', 'SKU-052', 'COD-052', 'Unidad', 1520.00, 2020.00, 'Categoría 3', 'L3', TRUE),
                                                                                                                                             ('P053', 'Unidad', 'Producto 53', 'SKU-053', 'COD-053', 'Unidad', 1530.00, 2030.00, 'Categoría 4', 'L4', TRUE),
                                                                                                                                             ('P054', 'Unidad', 'Producto 54', 'SKU-054', 'COD-054', 'Unidad', 1540.00, 2040.00, 'Categoría 5', 'L5', TRUE),
                                                                                                                                             ('P055', 'Unidad', 'Producto 55', 'SKU-055', 'COD-055', 'Unidad', 1550.00, 2050.00, 'Categoría 1', 'L6', TRUE),
                                                                                                                                             ('P056', 'Unidad', 'Producto 56', 'SKU-056', 'COD-056', 'Unidad', 1560.00, 2060.00, 'Categoría 2', 'L7', TRUE),
                                                                                                                                             ('P057', 'Unidad', 'Producto 57', 'SKU-057', 'COD-057', 'Unidad', 1570.00, 2070.00, 'Categoría 3', 'L8', TRUE),
                                                                                                                                             ('P058', 'Unidad', 'Producto 58', 'SKU-058', 'COD-058', 'Unidad', 1580.00, 2080.00, 'Categoría 4', 'L9', TRUE),
                                                                                                                                             ('P059', 'Unidad', 'Producto 59', 'SKU-059', 'COD-059', 'Unidad', 1590.00, 2090.00, 'Categoría 5', 'L10', TRUE),
                                                                                                                                             ('P060', 'Unidad', 'Producto 60', 'SKU-060', 'COD-060', 'Unidad', 1600.00, 2100.00, 'Categoría 1', 'L1', TRUE),
                                                                                                                                             ('P061', 'Unidad', 'Producto 61', 'SKU-061', 'COD-061', 'Unidad', 1610.00, 2110.00, 'Categoría 2', 'L2', TRUE),
                                                                                                                                             ('P062', 'Unidad', 'Producto 62', 'SKU-062', 'COD-062', 'Unidad', 1620.00, 2120.00, 'Categoría 3', 'L3', TRUE),
                                                                                                                                             ('P063', 'Unidad', 'Producto 63', 'SKU-063', 'COD-063', 'Unidad', 1630.00, 2130.00, 'Categoría 4', 'L4', TRUE),
                                                                                                                                             ('P064', 'Unidad', 'Producto 64', 'SKU-064', 'COD-064', 'Unidad', 1640.00, 2140.00, 'Categoría 5', 'L5', TRUE),
                                                                                                                                             ('P065', 'Unidad', 'Producto 65', 'SKU-065', 'COD-065', 'Unidad', 1650.00, 2150.00, 'Categoría 1', 'L6', TRUE),
                                                                                                                                             ('P066', 'Unidad', 'Producto 66', 'SKU-066', 'COD-066', 'Unidad', 1660.00, 2160.00, 'Categoría 2', 'L7', TRUE),
                                                                                                                                             ('P067', 'Unidad', 'Producto 67', 'SKU-067', 'COD-067', 'Unidad', 1670.00, 2170.00, 'Categoría 3', 'L8', TRUE),
                                                                                                                                             ('P068', 'Unidad', 'Producto 68', 'SKU-068', 'COD-068', 'Unidad', 1680.00, 2180.00, 'Categoría 4', 'L9', TRUE),
                                                                                                                                             ('P069', 'Unidad', 'Producto 69', 'SKU-069', 'COD-069', 'Unidad', 1690.00, 2190.00, 'Categoría 5', 'L10', TRUE),
                                                                                                                                             ('P070', 'Unidad', 'Producto 70', 'SKU-070', 'COD-070', 'Unidad', 1700.00, 2200.00, 'Categoría 1', 'L1', TRUE),
                                                                                                                                             ('P071', 'Unidad', 'Producto 71', 'SKU-071', 'COD-071', 'Unidad', 1710.00, 2210.00, 'Categoría 2', 'L2', TRUE),
                                                                                                                                             ('P072', 'Unidad', 'Producto 72', 'SKU-072', 'COD-072', 'Unidad', 1720.00, 2220.00, 'Categoría 3', 'L3', TRUE),
                                                                                                                                             ('P073', 'Unidad', 'Producto 73', 'SKU-073', 'COD-073', 'Unidad', 1730.00, 2230.00, 'Categoría 4', 'L4', TRUE),
                                                                                                                                             ('P074', 'Unidad', 'Producto 74', 'SKU-074', 'COD-074', 'Unidad', 1740.00, 2240.00, 'Categoría 5', 'L5', TRUE),
                                                                                                                                             ('P075', 'Unidad', 'Producto 75', 'SKU-075', 'COD-075', 'Unidad', 1750.00, 2250.00, 'Categoría 1', 'L6', TRUE),
                                                                                                                                             ('P076', 'Unidad', 'Producto 76', 'SKU-076', 'COD-076', 'Unidad', 1760.00, 2260.00, 'Categoría 2', 'L7', TRUE),
                                                                                                                                             ('P077', 'Unidad', 'Producto 77', 'SKU-077', 'COD-077', 'Unidad', 1770.00, 2270.00, 'Categoría 3', 'L8', TRUE),
                                                                                                                                             ('P078', 'Unidad', 'Producto 78', 'SKU-078', 'COD-078', 'Unidad', 1780.00, 2280.00, 'Categoría 4', 'L9', TRUE),
                                                                                                                                             ('P079', 'Unidad', 'Producto 79', 'SKU-079', 'COD-079', 'Unidad', 1790.00, 2290.00, 'Categoría 5', 'L10', TRUE),
                                                                                                                                             ('P080', 'Unidad', 'Producto 80', 'SKU-080', 'COD-080', 'Unidad', 1800.00, 2300.00, 'Categoría 1', 'L1', TRUE),
                                                                                                                                             ('P081', 'Unidad', 'Producto 81', 'SKU-081', 'COD-081', 'Unidad', 1810.00, 2310.00, 'Categoría 2', 'L2', TRUE),
                                                                                                                                             ('P082', 'Unidad', 'Producto 82', 'SKU-082', 'COD-082', 'Unidad', 1820.00, 2320.00, 'Categoría 3', 'L3', TRUE),
                                                                                                                                             ('P083', 'Unidad', 'Producto 83', 'SKU-083', 'COD-083', 'Unidad', 1830.00, 2330.00, 'Categoría 4', 'L4', TRUE),
                                                                                                                                             ('P084', 'Unidad', 'Producto 84', 'SKU-084', 'COD-084', 'Unidad', 1840.00, 2340.00, 'Categoría 5', 'L5', TRUE),
                                                                                                                                             ('P085', 'Unidad', 'Producto 85', 'SKU-085', 'COD-085', 'Unidad', 1850.00, 2350.00, 'Categoría 1', 'L6', TRUE),
                                                                                                                                             ('P086', 'Unidad', 'Producto 86', 'SKU-086', 'COD-086', 'Unidad', 1860.00, 2360.00, 'Categoría 2', 'L7', TRUE),
                                                                                                                                             ('P087', 'Unidad', 'Producto 87', 'SKU-087', 'COD-087', 'Unidad', 1870.00, 2370.00, 'Categoría 3', 'L8', TRUE),
                                                                                                                                             ('P088', 'Unidad', 'Producto 88', 'SKU-088', 'COD-088', 'Unidad', 1880.00, 2380.00, 'Categoría 4', 'L9', TRUE),
                                                                                                                                             ('P089', 'Unidad', 'Producto 89', 'SKU-089', 'COD-089', 'Unidad', 1890.00, 2390.00, 'Categoría 5', 'L10', TRUE),
                                                                                                                                             ('P090', 'Unidad', 'Producto 90', 'SKU-090', 'COD-090', 'Unidad', 1900.00, 2400.00, 'Categoría 1', 'L1', TRUE),
                                                                                                                                             ('P091', 'Unidad', 'Producto 91', 'SKU-091', 'COD-091', 'Unidad', 1910.00, 2410.00, 'Categoría 2', 'L2', TRUE),
                                                                                                                                             ('P092', 'Unidad', 'Producto 92', 'SKU-092', 'COD-092', 'Unidad', 1920.00, 2420.00, 'Categoría 3', 'L3', TRUE),
                                                                                                                                             ('P093', 'Unidad', 'Producto 93', 'SKU-093', 'COD-093', 'Unidad', 1930.00, 2430.00, 'Categoría 4', 'L4', TRUE),
                                                                                                                                             ('P094', 'Unidad', 'Producto 94', 'SKU-094', 'COD-094', 'Unidad', 1940.00, 2440.00, 'Categoría 5', 'L5', TRUE),
                                                                                                                                             ('P095', 'Unidad', 'Producto 95', 'SKU-095', 'COD-095', 'Unidad', 1950.00, 2450.00, 'Categoría 1', 'L6', TRUE),
                                                                                                                                             ('P096', 'Unidad', 'Producto 96', 'SKU-096', 'COD-096', 'Unidad', 1960.00, 2460.00, 'Categoría 2', 'L7', TRUE),
                                                                                                                                             ('P097', 'Unidad', 'Producto 97', 'SKU-097', 'COD-097', 'Unidad', 1970.00, 2470.00, 'Categoría 3', 'L8', TRUE),
                                                                                                                                             ('P098', 'Unidad', 'Producto 98', 'SKU-098', 'COD-098', 'Unidad', 1980.00, 2480.00, 'Categoría 4', 'L9', TRUE),
                                                                                                                                             ('P099', 'Unidad', 'Producto 99', 'SKU-099', 'COD-099', 'Unidad', 1990.00, 2490.00, 'Categoría 5', 'L10', TRUE),
                                                                                                                                             ('P100', 'Unidad', 'Producto 100', 'SKU-100', 'COD-100', 'Unidad', 2000.00, 2500.00, 'Categoría 1', 'L1', TRUE);

-- MOVIMIENTOS DE INVENTARIO
INSERT INTO inventory_movement (movement_id, movement_date, product_id, movement_type, quantity, order_id, notes) VALUES
                                                                                                                      ('M0002', '2025-05-02 00:00:00', 'P001', 'INBOUND', 13, 'PO-0001', 'Ingreso de stock'),
                                                                                                                      ('M0003', '2025-05-03 00:00:00', 'P001', 'OUTBOUND', 5, 'SO-0001', 'Venta realizada'),
                                                                                                                      ('M0004', '2025-05-03 00:00:00', 'P002', 'INBOUND', 44, 'PO-0002', 'Ingreso de stock'),
                                                                                                                      ('M0005', '2025-05-04 00:00:00', 'P002', 'OUTBOUND', 39, 'SO-0002', 'Venta realizada'),
                                                                                                                      ('M0006', '2025-05-04 00:00:00', 'P003', 'INBOUND', 43, 'PO-0003', 'Ingreso de stock'),
                                                                                                                      ('M0007', '2025-05-05 00:00:00', 'P003', 'OUTBOUND', 42, 'SO-0003', 'Venta realizada'),
                                                                                                                      ('M0008', '2025-05-05 00:00:00', 'P004', 'INBOUND', 14, 'PO-0004', 'Ingreso de stock'),
                                                                                                                      ('M0009', '2025-05-06 00:00:00', 'P004', 'OUTBOUND', 8, 'SO-0004', 'Venta realizada'),
                                                                                                                      ('M0010', '2025-05-06 00:00:00', 'P005', 'INBOUND', 11, 'PO-0005', 'Ingreso de stock'),
                                                                                                                      ('M0011', '2025-05-07 00:00:00', 'P005', 'OUTBOUND', 8, 'SO-0005', 'Venta realizada'),
                                                                                                                      ('M0012', '2025-05-07 00:00:00', 'P006', 'INBOUND', 35, 'PO-0006', 'Ingreso de stock'),
                                                                                                                      ('M0013', '2025-05-08 00:00:00', 'P006', 'OUTBOUND', 2, 'SO-0006', 'Venta realizada'),
                                                                                                                      ('M0014', '2025-05-08 00:00:00', 'P007', 'INBOUND', 11, 'PO-0007', 'Ingreso de stock'),
                                                                                                                      ('M0015', '2025-05-09 00:00:00', 'P007', 'OUTBOUND', 9, 'SO-0007', 'Venta realizada'),
                                                                                                                      ('M0016', '2025-05-09 00:00:00', 'P008', 'INBOUND', 18, 'PO-0008', 'Ingreso de stock'),
                                                                                                                      ('M0017', '2025-05-10 00:00:00', 'P008', 'OUTBOUND', 5, 'SO-0008', 'Venta realizada'),
                                                                                                                      ('M0018', '2025-05-10 00:00:00', 'P009', 'INBOUND', 29, 'PO-0009', 'Ingreso de stock'),
                                                                                                                      ('M0019', '2025-05-11 00:00:00', 'P009', 'OUTBOUND', 16, 'SO-0009', 'Venta realizada'),
                                                                                                                      ('M0020', '2025-05-11 00:00:00', 'P010', 'INBOUND', 47, 'PO-0010', 'Ingreso de stock'),
                                                                                                                      ('M0021', '2025-05-12 00:00:00', 'P010', 'OUTBOUND', 35, 'SO-0010', 'Venta realizada'),
                                                                                                                      ('M0022', '2025-05-12 00:00:00', 'P011', 'INBOUND', 27, 'PO-0011', 'Ingreso de stock'),
                                                                                                                      ('M0023', '2025-05-13 00:00:00', 'P011', 'OUTBOUND', 12, 'SO-0011', 'Venta realizada'),
                                                                                                                      ('M0024', '2025-05-13 00:00:00', 'P012', 'INBOUND', 49, 'PO-0012', 'Ingreso de stock'),
                                                                                                                      ('M0025', '2025-05-14 00:00:00', 'P012', 'OUTBOUND', 39, 'SO-0012', 'Venta realizada'),
                                                                                                                      ('M0026', '2025-05-14 00:00:00', 'P013', 'INBOUND', 49, 'PO-0013', 'Ingreso de stock'),
                                                                                                                      ('M0027', '2025-05-15 00:00:00', 'P013', 'OUTBOUND', 40, 'SO-0013', 'Venta realizada'),
                                                                                                                      ('M0028', '2025-05-15 00:00:00', 'P014', 'INBOUND', 28, 'PO-0014', 'Ingreso de stock'),
                                                                                                                      ('M0029', '2025-05-16 00:00:00', 'P014', 'OUTBOUND', 6, 'SO-0014', 'Venta realizada'),
                                                                                                                      ('M0030', '2025-05-16 00:00:00', 'P015', 'INBOUND', 33, 'PO-0015', 'Ingreso de stock'),
                                                                                                                      ('M0031', '2025-05-17 00:00:00', 'P015', 'OUTBOUND', 23, 'SO-0015', 'Venta realizada'),
                                                                                                                      ('M0032', '2025-05-17 00:00:00', 'P016', 'INBOUND', 44, 'PO-0016', 'Ingreso de stock'),
                                                                                                                      ('M0033', '2025-05-18 00:00:00', 'P016', 'OUTBOUND', 30, 'SO-0016', 'Venta realizada'),
                                                                                                                      ('M0034', '2025-05-18 00:00:00', 'P017', 'INBOUND', 34, 'PO-0017', 'Ingreso de stock'),
                                                                                                                      ('M0035', '2025-05-19 00:00:00', 'P017', 'OUTBOUND', 28, 'SO-0017', 'Venta realizada'),
                                                                                                                      ('M0036', '2025-05-19 00:00:00', 'P018', 'INBOUND', 20, 'PO-0018', 'Ingreso de stock'),
                                                                                                                      ('M0037', '2025-05-20 00:00:00', 'P018', 'OUTBOUND', 1, 'SO-0018', 'Venta realizada'),
                                                                                                                      ('M0038', '2025-05-20 00:00:00', 'P019', 'INBOUND', 32, 'PO-0019', 'Ingreso de stock'),
                                                                                                                      ('M0039', '2025-05-21 00:00:00', 'P019', 'OUTBOUND', 20, 'SO-0019', 'Venta realizada'),
                                                                                                                      ('M0040', '2025-05-21 00:00:00', 'P020', 'INBOUND', 39, 'PO-0020', 'Ingreso de stock'),
                                                                                                                      ('M0041', '2025-05-22 00:00:00', 'P020', 'OUTBOUND', 4, 'SO-0020', 'Venta realizada'),
                                                                                                                      ('M0042', '2025-05-22 00:00:00', 'P021', 'INBOUND', 10, 'PO-0021', 'Ingreso de stock'),
                                                                                                                      ('M0043', '2025-05-23 00:00:00', 'P021', 'OUTBOUND', 7, 'SO-0021', 'Venta realizada'),
                                                                                                                      ('M0044', '2025-05-23 00:00:00', 'P022', 'INBOUND', 21, 'PO-0022', 'Ingreso de stock'),
                                                                                                                      ('M0045', '2025-05-24 00:00:00', 'P022', 'OUTBOUND', 1, 'SO-0022', 'Venta realizada'),
                                                                                                                      ('M0046', '2025-05-24 00:00:00', 'P023', 'INBOUND', 44, 'PO-0023', 'Ingreso de stock'),
                                                                                                                      ('M0047', '2025-05-25 00:00:00', 'P023', 'OUTBOUND', 32, 'SO-0023', 'Venta realizada'),
                                                                                                                      ('M0048', '2025-05-25 00:00:00', 'P024', 'INBOUND', 16, 'PO-0024', 'Ingreso de stock'),
                                                                                                                      ('M0049', '2025-05-26 00:00:00', 'P024', 'OUTBOUND', 2, 'SO-0024', 'Venta realizada'),
                                                                                                                      ('M0050', '2025-05-26 00:00:00', 'P025', 'INBOUND', 30, 'PO-0025', 'Ingreso de stock'),
                                                                                                                      ('M0051', '2025-05-27 00:00:00', 'P025', 'OUTBOUND', 3, 'SO-0025', 'Venta realizada'),
                                                                                                                      ('M0052', '2025-05-27 00:00:00', 'P026', 'INBOUND', 41, 'PO-0026', 'Ingreso de stock'),
                                                                                                                      ('M0053', '2025-05-28 00:00:00', 'P026', 'OUTBOUND', 31, 'SO-0026', 'Venta realizada'),
                                                                                                                      ('M0054', '2025-05-28 00:00:00', 'P027', 'INBOUND', 26, 'PO-0027', 'Ingreso de stock'),
                                                                                                                      ('M0055', '2025-05-29 00:00:00', 'P027', 'OUTBOUND', 20, 'SO-0027', 'Venta realizada'),
                                                                                                                      ('M0056', '2025-05-29 00:00:00', 'P028', 'INBOUND', 33, 'PO-0028', 'Ingreso de stock'),
                                                                                                                      ('M0057', '2025-05-30 00:00:00', 'P028', 'OUTBOUND', 25, 'SO-0028', 'Venta realizada'),
                                                                                                                      ('M0058', '2025-05-30 00:00:00', 'P029', 'INBOUND', 21, 'PO-0029', 'Ingreso de stock'),
                                                                                                                      ('M0059', '2025-05-31 00:00:00', 'P029', 'OUTBOUND', 1, 'SO-0029', 'Venta realizada'),
                                                                                                                      ('M0060', '2025-05-31 00:00:00', 'P030', 'INBOUND', 49, 'PO-0030', 'Ingreso de stock'),
                                                                                                                      ('M0061', '2025-06-01 00:00:00', 'P030', 'OUTBOUND', 23, 'SO-0030', 'Venta realizada'),
                                                                                                                      ('M0062', '2025-06-01 00:00:00', 'P031', 'INBOUND', 48, 'PO-0031', 'Ingreso de stock'),
                                                                                                                      ('M0063', '2025-06-02 00:00:00', 'P031', 'OUTBOUND', 17, 'SO-0031', 'Venta realizada'),
                                                                                                                      ('M0064', '2025-06-02 00:00:00', 'P032', 'INBOUND', 16, 'PO-0032', 'Ingreso de stock'),
                                                                                                                      ('M0065', '2025-06-03 00:00:00', 'P032', 'OUTBOUND', 10, 'SO-0032', 'Venta realizada'),
                                                                                                                      ('M0066', '2025-06-03 00:00:00', 'P033', 'INBOUND', 20, 'PO-0033', 'Ingreso de stock'),
                                                                                                                      ('M0067', '2025-06-04 00:00:00', 'P033', 'OUTBOUND', 15, 'SO-0033', 'Venta realizada'),
                                                                                                                      ('M0068', '2025-06-04 00:00:00', 'P034', 'INBOUND', 18, 'PO-0034', 'Ingreso de stock'),
                                                                                                                      ('M0069', '2025-06-05 00:00:00', 'P034', 'OUTBOUND', 3, 'SO-0034', 'Venta realizada'),
                                                                                                                      ('M0070', '2025-06-05 00:00:00', 'P035', 'INBOUND', 46, 'PO-0035', 'Ingreso de stock'),
                                                                                                                      ('M0071', '2025-06-06 00:00:00', 'P035', 'OUTBOUND', 2, 'SO-0035', 'Venta realizada'),
                                                                                                                      ('M0072', '2025-06-06 00:00:00', 'P036', 'INBOUND', 45, 'PO-0036', 'Ingreso de stock'),
                                                                                                                      ('M0073', '2025-06-07 00:00:00', 'P036', 'OUTBOUND', 34, 'SO-0036', 'Venta realizada'),
                                                                                                                      ('M0074', '2025-06-07 00:00:00', 'P037', 'INBOUND', 12, 'PO-0037', 'Ingreso de stock'),
                                                                                                                      ('M0075', '2025-06-08 00:00:00', 'P037', 'OUTBOUND', 2, 'SO-0037', 'Venta realizada'),
                                                                                                                      ('M0076', '2025-06-08 00:00:00', 'P038', 'INBOUND', 40, 'PO-0038', 'Ingreso de stock'),
                                                                                                                      ('M0077', '2025-06-09 00:00:00', 'P038', 'OUTBOUND', 26, 'SO-0038', 'Venta realizada'),
                                                                                                                      ('M0078', '2025-06-09 00:00:00', 'P039', 'INBOUND', 39, 'PO-0039', 'Ingreso de stock'),
                                                                                                                      ('M0079', '2025-06-10 00:00:00', 'P039', 'OUTBOUND', 28, 'SO-0039', 'Venta realizada'),
                                                                                                                      ('M0080', '2025-06-10 00:00:00', 'P040', 'INBOUND', 32, 'PO-0040', 'Ingreso de stock'),
                                                                                                                      ('M0081', '2025-06-11 00:00:00', 'P040', 'OUTBOUND', 8, 'SO-0040', 'Venta realizada'),
                                                                                                                      ('M0082', '2025-06-11 00:00:00', 'P041', 'INBOUND', 21, 'PO-0041', 'Ingreso de stock'),
                                                                                                                      ('M0083', '2025-06-12 00:00:00', 'P041', 'OUTBOUND', 9, 'SO-0041', 'Venta realizada'),
                                                                                                                      ('M0084', '2025-06-12 00:00:00', 'P042', 'INBOUND', 13, 'PO-0042', 'Ingreso de stock'),
                                                                                                                      ('M0085', '2025-06-13 00:00:00', 'P042', 'OUTBOUND', 6, 'SO-0042', 'Venta realizada'),
                                                                                                                      ('M0086', '2025-06-13 00:00:00', 'P043', 'INBOUND', 42, 'PO-0043', 'Ingreso de stock'),
                                                                                                                      ('M0087', '2025-06-14 00:00:00', 'P043', 'OUTBOUND', 13, 'SO-0043', 'Venta realizada'),
                                                                                                                      ('M0088', '2025-06-14 00:00:00', 'P044', 'INBOUND', 33, 'PO-0044', 'Ingreso de stock'),
                                                                                                                      ('M0089', '2025-06-15 00:00:00', 'P044', 'OUTBOUND', 10, 'SO-0044', 'Venta realizada'),
                                                                                                                      ('M0090', '2025-06-15 00:00:00', 'P045', 'INBOUND', 16, 'PO-0045', 'Ingreso de stock'),
                                                                                                                      ('M0091', '2025-06-16 00:00:00', 'P045', 'OUTBOUND', 6, 'SO-0045', 'Venta realizada'),
                                                                                                                      ('M0092', '2025-06-16 00:00:00', 'P046', 'INBOUND', 23, 'PO-0046', 'Ingreso de stock'),
                                                                                                                      ('M0093', '2025-06-17 00:00:00', 'P046', 'OUTBOUND', 17, 'SO-0046', 'Venta realizada'),
                                                                                                                      ('M0094', '2025-06-17 00:00:00', 'P047', 'INBOUND', 49, 'PO-0047', 'Ingreso de stock'),
                                                                                                                      ('M0095', '2025-06-18 00:00:00', 'P047', 'OUTBOUND', 42, 'SO-0047', 'Venta realizada'),
                                                                                                                      ('M0096', '2025-06-18 00:00:00', 'P048', 'INBOUND', 18, 'PO-0048', 'Ingreso de stock'),
                                                                                                                      ('M0097', '2025-06-19 00:00:00', 'P048', 'OUTBOUND', 17, 'SO-0048', 'Venta realizada'),
                                                                                                                      ('M0098', '2025-06-19 00:00:00', 'P049', 'INBOUND', 32, 'PO-0049', 'Ingreso de stock'),
                                                                                                                      ('M0099', '2025-06-20 00:00:00', 'P049', 'OUTBOUND', 21, 'SO-0049', 'Venta realizada'),
                                                                                                                      ('M0100', '2025-06-20 00:00:00', 'P050', 'INBOUND', 17, 'PO-0050', 'Ingreso de stock'),
                                                                                                                      ('M0101', '2025-06-21 00:00:00', 'P050', 'OUTBOUND', 11, 'SO-0050', 'Venta realizada'),
                                                                                                                      ('M0102', '2025-06-21 00:00:00', 'P051', 'INBOUND', 42, 'PO-0051', 'Ingreso de stock'),
                                                                                                                      ('M0103', '2025-06-22 00:00:00', 'P051', 'OUTBOUND', 20, 'SO-0051', 'Venta realizada'),
                                                                                                                      ('M0104', '2025-06-22 00:00:00', 'P052', 'INBOUND', 15, 'PO-0052', 'Ingreso de stock'),
                                                                                                                      ('M0105', '2025-06-23 00:00:00', 'P052', 'OUTBOUND', 10, 'SO-0052', 'Venta realizada'),
                                                                                                                      ('M0106', '2025-06-23 00:00:00', 'P053', 'INBOUND', 21, 'PO-0053', 'Ingreso de stock'),
                                                                                                                      ('M0107', '2025-06-24 00:00:00', 'P053', 'OUTBOUND', 12, 'SO-0053', 'Venta realizada'),
                                                                                                                      ('M0108', '2025-06-24 00:00:00', 'P054', 'INBOUND', 26, 'PO-0054', 'Ingreso de stock'),
                                                                                                                      ('M0109', '2025-06-25 00:00:00', 'P054', 'OUTBOUND', 24, 'SO-0054', 'Venta realizada'),
                                                                                                                      ('M0110', '2025-06-25 00:00:00', 'P055', 'INBOUND', 24, 'PO-0055', 'Ingreso de stock'),
                                                                                                                      ('M0111', '2025-06-26 00:00:00', 'P055', 'OUTBOUND', 9, 'SO-0055', 'Venta realizada'),
                                                                                                                      ('M0112', '2025-06-26 00:00:00', 'P056', 'INBOUND', 22, 'PO-0056', 'Ingreso de stock'),
                                                                                                                      ('M0113', '2025-06-27 00:00:00', 'P056', 'OUTBOUND', 15, 'SO-0056', 'Venta realizada'),
                                                                                                                      ('M0114', '2025-06-27 00:00:00', 'P057', 'INBOUND', 26, 'PO-0057', 'Ingreso de stock'),
                                                                                                                      ('M0115', '2025-06-28 00:00:00', 'P057', 'OUTBOUND', 15, 'SO-0057', 'Venta realizada'),
                                                                                                                      ('M0116', '2025-06-28 00:00:00', 'P058', 'INBOUND', 50, 'PO-0058', 'Ingreso de stock'),
                                                                                                                      ('M0117', '2025-06-29 00:00:00', 'P058', 'OUTBOUND', 14, 'SO-0058', 'Venta realizada'),
                                                                                                                      ('M0118', '2025-06-29 00:00:00', 'P059', 'INBOUND', 14, 'PO-0059', 'Ingreso de stock'),
                                                                                                                      ('M0119', '2025-06-30 00:00:00', 'P059', 'OUTBOUND', 10, 'SO-0059', 'Venta realizada'),
                                                                                                                      ('M0120', '2025-06-30 00:00:00', 'P060', 'INBOUND', 32, 'PO-0060', 'Ingreso de stock'),
                                                                                                                      ('M0121', '2025-07-01 00:00:00', 'P060', 'OUTBOUND', 18, 'SO-0060', 'Venta realizada'),
                                                                                                                      ('M0122', '2025-07-01 00:00:00', 'P061', 'INBOUND', 34, 'PO-0061', 'Ingreso de stock'),
                                                                                                                      ('M0123', '2025-07-02 00:00:00', 'P061', 'OUTBOUND', 18, 'SO-0061', 'Venta realizada'),
                                                                                                                      ('M0124', '2025-07-02 00:00:00', 'P062', 'INBOUND', 33, 'PO-0062', 'Ingreso de stock'),
                                                                                                                      ('M0125', '2025-07-03 00:00:00', 'P062', 'OUTBOUND', 24, 'SO-0062', 'Venta realizada'),
                                                                                                                      ('M0126', '2025-07-03 00:00:00', 'P063', 'INBOUND', 12, 'PO-0063', 'Ingreso de stock'),
                                                                                                                      ('M0127', '2025-07-04 00:00:00', 'P063', 'OUTBOUND', 5, 'SO-0063', 'Venta realizada'),
                                                                                                                      ('M0128', '2025-07-04 00:00:00', 'P064', 'INBOUND', 43, 'PO-0064', 'Ingreso de stock'),
                                                                                                                      ('M0129', '2025-07-05 00:00:00', 'P064', 'OUTBOUND', 36, 'SO-0064', 'Venta realizada'),
                                                                                                                      ('M0130', '2025-07-05 00:00:00', 'P065', 'INBOUND', 38, 'PO-0065', 'Ingreso de stock'),
                                                                                                                      ('M0131', '2025-07-06 00:00:00', 'P065', 'OUTBOUND', 33, 'SO-0065', 'Venta realizada'),
                                                                                                                      ('M0132', '2025-07-06 00:00:00', 'P066', 'INBOUND', 27, 'PO-0066', 'Ingreso de stock'),
                                                                                                                      ('M0133', '2025-07-07 00:00:00', 'P066', 'OUTBOUND', 23, 'SO-0066', 'Venta realizada'),
                                                                                                                      ('M0134', '2025-07-07 00:00:00', 'P067', 'INBOUND', 34, 'PO-0067', 'Ingreso de stock'),
                                                                                                                      ('M0135', '2025-07-08 00:00:00', 'P067', 'OUTBOUND', 2, 'SO-0067', 'Venta realizada'),
                                                                                                                      ('M0136', '2025-07-08 00:00:00', 'P068', 'INBOUND', 17, 'PO-0068', 'Ingreso de stock'),
                                                                                                                      ('M0137', '2025-07-09 00:00:00', 'P068', 'OUTBOUND', 12, 'SO-0068', 'Venta realizada'),
                                                                                                                      ('M0138', '2025-07-09 00:00:00', 'P069', 'INBOUND', 14, 'PO-0069', 'Ingreso de stock'),
                                                                                                                      ('M0139', '2025-07-10 00:00:00', 'P069', 'OUTBOUND', 8, 'SO-0069', 'Venta realizada'),
                                                                                                                      ('M0140', '2025-07-10 00:00:00', 'P070', 'INBOUND', 33, 'PO-0070', 'Ingreso de stock'),
                                                                                                                      ('M0141', '2025-07-11 00:00:00', 'P070', 'OUTBOUND', 25, 'SO-0070', 'Venta realizada'),
                                                                                                                      ('M0142', '2025-07-11 00:00:00', 'P071', 'INBOUND', 10, 'PO-0071', 'Ingreso de stock'),
                                                                                                                      ('M0143', '2025-07-12 00:00:00', 'P071', 'OUTBOUND', 9, 'SO-0071', 'Venta realizada'),
                                                                                                                      ('M0144', '2025-07-12 00:00:00', 'P072', 'INBOUND', 18, 'PO-0072', 'Ingreso de stock'),
                                                                                                                      ('M0145', '2025-07-13 00:00:00', 'P072', 'OUTBOUND', 2, 'SO-0072', 'Venta realizada'),
                                                                                                                      ('M0146', '2025-07-13 00:00:00', 'P073', 'INBOUND', 31, 'PO-0073', 'Ingreso de stock'),
                                                                                                                      ('M0147', '2025-07-14 00:00:00', 'P073', 'OUTBOUND', 16, 'SO-0073', 'Venta realizada'),
                                                                                                                      ('M0148', '2025-07-14 00:00:00', 'P074', 'INBOUND', 39, 'PO-0074', 'Ingreso de stock'),
                                                                                                                      ('M0149', '2025-07-15 00:00:00', 'P074', 'OUTBOUND', 36, 'SO-0074', 'Venta realizada'),
                                                                                                                      ('M0150', '2025-07-15 00:00:00', 'P075', 'INBOUND', 28, 'PO-0075', 'Ingreso de stock'),
                                                                                                                      ('M0151', '2025-07-16 00:00:00', 'P075', 'OUTBOUND', 27, 'SO-0075', 'Venta realizada'),
                                                                                                                      ('M0152', '2025-07-16 00:00:00', 'P076', 'INBOUND', 16, 'PO-0076', 'Ingreso de stock'),
                                                                                                                      ('M0153', '2025-07-17 00:00:00', 'P076', 'OUTBOUND', 4, 'SO-0076', 'Venta realizada'),
                                                                                                                      ('M0154', '2025-07-17 00:00:00', 'P077', 'INBOUND', 10, 'PO-0077', 'Ingreso de stock'),
                                                                                                                      ('M0155', '2025-07-18 00:00:00', 'P077', 'OUTBOUND', 5, 'SO-0077', 'Venta realizada'),
                                                                                                                      ('M0156', '2025-07-18 00:00:00', 'P078', 'INBOUND', 20, 'PO-0078', 'Ingreso de stock'),
                                                                                                                      ('M0157', '2025-07-19 00:00:00', 'P078', 'OUTBOUND', 1, 'SO-0078', 'Venta realizada'),
                                                                                                                      ('M0158', '2025-07-19 00:00:00', 'P079', 'INBOUND', 34, 'PO-0079', 'Ingreso de stock'),
                                                                                                                      ('M0159', '2025-07-20 00:00:00', 'P079', 'OUTBOUND', 32, 'SO-0079', 'Venta realizada'),
                                                                                                                      ('M0160', '2025-07-20 00:00:00', 'P080', 'INBOUND', 18, 'PO-0080', 'Ingreso de stock'),
                                                                                                                      ('M0161', '2025-07-21 00:00:00', 'P080', 'OUTBOUND', 11, 'SO-0080', 'Venta realizada'),
                                                                                                                      ('M0162', '2025-07-21 00:00:00', 'P081', 'INBOUND', 23, 'PO-0081', 'Ingreso de stock'),
                                                                                                                      ('M0163', '2025-07-22 00:00:00', 'P081', 'OUTBOUND', 8, 'SO-0081', 'Venta realizada'),
                                                                                                                      ('M0164', '2025-07-22 00:00:00', 'P082', 'INBOUND', 14, 'PO-0082', 'Ingreso de stock'),
                                                                                                                      ('M0165', '2025-07-23 00:00:00', 'P082', 'OUTBOUND', 11, 'SO-0082', 'Venta realizada'),
                                                                                                                      ('M0166', '2025-07-23 00:00:00', 'P083', 'INBOUND', 19, 'PO-0083', 'Ingreso de stock'),
                                                                                                                      ('M0167', '2025-07-24 00:00:00', 'P083', 'OUTBOUND', 1, 'SO-0083', 'Venta realizada'),
                                                                                                                      ('M0168', '2025-07-24 00:00:00', 'P084', 'INBOUND', 24, 'PO-0084', 'Ingreso de stock'),
                                                                                                                      ('M0169', '2025-07-25 00:00:00', 'P084', 'OUTBOUND', 21, 'SO-0084', 'Venta realizada'),
                                                                                                                      ('M0170', '2025-07-25 00:00:00', 'P085', 'INBOUND', 41, 'PO-0085', 'Ingreso de stock'),
                                                                                                                      ('M0171', '2025-07-26 00:00:00', 'P085', 'OUTBOUND', 2, 'SO-0085', 'Venta realizada'),
                                                                                                                      ('M0172', '2025-07-26 00:00:00', 'P086', 'INBOUND', 49, 'PO-0086', 'Ingreso de stock'),
                                                                                                                      ('M0173', '2025-07-27 00:00:00', 'P086', 'OUTBOUND', 17, 'SO-0086', 'Venta realizada'),
                                                                                                                      ('M0174', '2025-07-27 00:00:00', 'P087', 'INBOUND', 22, 'PO-0087', 'Ingreso de stock'),
                                                                                                                      ('M0175', '2025-07-28 00:00:00', 'P087', 'OUTBOUND', 4, 'SO-0087', 'Venta realizada'),
                                                                                                                      ('M0176', '2025-07-28 00:00:00', 'P088', 'INBOUND', 11, 'PO-0088', 'Ingreso de stock'),
                                                                                                                      ('M0177', '2025-07-29 00:00:00', 'P088', 'OUTBOUND', 5, 'SO-0088', 'Venta realizada'),
                                                                                                                      ('M0178', '2025-07-29 00:00:00', 'P089', 'INBOUND', 10, 'PO-0089', 'Ingreso de stock'),
                                                                                                                      ('M0179', '2025-07-30 00:00:00', 'P089', 'OUTBOUND', 4, 'SO-0089', 'Venta realizada'),
                                                                                                                      ('M0180', '2025-07-30 00:00:00', 'P090', 'INBOUND', 35, 'PO-0090', 'Ingreso de stock'),
                                                                                                                      ('M0181', '2025-07-31 00:00:00', 'P090', 'OUTBOUND', 30, 'SO-0090', 'Venta realizada'),
                                                                                                                      ('M0182', '2025-07-31 00:00:00', 'P091', 'INBOUND', 18, 'PO-0091', 'Ingreso de stock'),
                                                                                                                      ('M0183', '2025-08-01 00:00:00', 'P091', 'OUTBOUND', 16, 'SO-0091', 'Venta realizada'),
                                                                                                                      ('M0184', '2025-08-01 00:00:00', 'P092', 'INBOUND', 13, 'PO-0092', 'Ingreso de stock'),
                                                                                                                      ('M0185', '2025-08-02 00:00:00', 'P092', 'OUTBOUND', 1, 'SO-0092', 'Venta realizada'),
                                                                                                                      ('M0186', '2025-08-02 00:00:00', 'P093', 'INBOUND', 11, 'PO-0093', 'Ingreso de stock'),
                                                                                                                      ('M0187', '2025-08-03 00:00:00', 'P093', 'OUTBOUND', 5, 'SO-0093', 'Venta realizada'),
                                                                                                                      ('M0188', '2025-08-03 00:00:00', 'P094', 'INBOUND', 39, 'PO-0094', 'Ingreso de stock'),
                                                                                                                      ('M0189', '2025-08-04 00:00:00', 'P094', 'OUTBOUND', 7, 'SO-0094', 'Venta realizada'),
                                                                                                                      ('M0190', '2025-08-04 00:00:00', 'P095', 'INBOUND', 33, 'PO-0095', 'Ingreso de stock'),
                                                                                                                      ('M0191', '2025-08-05 00:00:00', 'P095', 'OUTBOUND', 30, 'SO-0095', 'Venta realizada'),
                                                                                                                      ('M0192', '2025-08-05 00:00:00', 'P096', 'INBOUND', 45, 'PO-0096', 'Ingreso de stock'),
                                                                                                                      ('M0193', '2025-08-06 00:00:00', 'P096', 'OUTBOUND', 32, 'SO-0096', 'Venta realizada'),
                                                                                                                      ('M0194', '2025-08-06 00:00:00', 'P097', 'INBOUND', 19, 'PO-0097', 'Ingreso de stock'),
                                                                                                                      ('M0195', '2025-08-07 00:00:00', 'P097', 'OUTBOUND', 11, 'SO-0097', 'Venta realizada'),
                                                                                                                      ('M0196', '2025-08-07 00:00:00', 'P098', 'INBOUND', 38, 'PO-0098', 'Ingreso de stock'),
                                                                                                                      ('M0197', '2025-08-08 00:00:00', 'P098', 'OUTBOUND', 27, 'SO-0098', 'Venta realizada'),
                                                                                                                      ('M0198', '2025-08-08 00:00:00', 'P099', 'INBOUND', 17, 'PO-0099', 'Ingreso de stock'),
                                                                                                                      ('M0199', '2025-08-09 00:00:00', 'P099', 'OUTBOUND', 7, 'SO-0099', 'Venta realizada'),
                                                                                                                      ('M0200', '2025-08-09 00:00:00', 'P100', 'INBOUND', 14, 'PO-0100', 'Ingreso de stock'),
                                                                                                                      ('M0201', '2025-08-10 00:00:00', 'P100', 'OUTBOUND', 12, 'SO-0100', 'Venta realizada');

-- STOCK ACTUAL
INSERT INTO current_stock (product_id, quantity, last_updated, total_inventory_cost) VALUES
                                                                                         ('P001', 8, '2025-05-03 00:00:00', 8080.00),
                                                                                         ('P002', 5, '2025-05-04 00:00:00', 5100.00),
                                                                                         ('P003', 1, '2025-05-05 00:00:00', 1030.00),
                                                                                         ('P004', 6, '2025-05-06 00:00:00', 6240.00),
                                                                                         ('P005', 3, '2025-05-07 00:00:00', 3150.00),
                                                                                         ('P006', 33, '2025-05-08 00:00:00', 34980.00),
                                                                                         ('P007', 2, '2025-05-09 00:00:00', 2140.00),
                                                                                         ('P008', 13, '2025-05-10 00:00:00', 14040.00),
                                                                                         ('P009', 13, '2025-05-11 00:00:00', 14170.00),
                                                                                         ('P010', 12, '2025-05-12 00:00:00', 13200.00),
                                                                                         ('P011', 15, '2025-05-13 00:00:00', 16650.00),
                                                                                         ('P012', 10, '2025-05-14 00:00:00', 11200.00),
                                                                                         ('P013', 9, '2025-05-15 00:00:00', 10170.00),
                                                                                         ('P014', 22, '2025-05-16 00:00:00', 25080.00),
                                                                                         ('P015', 10, '2025-05-17 00:00:00', 11500.00),
                                                                                         ('P016', 14, '2025-05-18 00:00:00', 16240.00),
                                                                                         ('P017', 6, '2025-05-19 00:00:00', 7020.00),
                                                                                         ('P018', 19, '2025-05-20 00:00:00', 22420.00),
                                                                                         ('P019', 12, '2025-05-21 00:00:00', 14280.00),
                                                                                         ('P020', 35, '2025-05-22 00:00:00', 42000.00),
                                                                                         ('P021', 3, '2025-05-23 00:00:00', 3630.00),
                                                                                         ('P022', 20, '2025-05-24 00:00:00', 24400.00),
                                                                                         ('P023', 12, '2025-05-25 00:00:00', 14760.00),
                                                                                         ('P024', 14, '2025-05-26 00:00:00', 17360.00),
                                                                                         ('P025', 27, '2025-05-27 00:00:00', 33750.00),
                                                                                         ('P026', 10, '2025-05-28 00:00:00', 12600.00),
                                                                                         ('P027', 6, '2025-05-29 00:00:00', 7620.00),
                                                                                         ('P028', 8, '2025-05-30 00:00:00', 10240.00),
                                                                                         ('P029', 20, '2025-05-31 00:00:00', 25800.00),
                                                                                         ('P030', 26, '2025-06-01 00:00:00', 33800.00),
                                                                                         ('P031', 31, '2025-06-02 00:00:00', 40610.00),
                                                                                         ('P032', 6, '2025-06-03 00:00:00', 7920.00),
                                                                                         ('P033', 5, '2025-06-04 00:00:00', 6650.00),
                                                                                         ('P034', 15, '2025-06-05 00:00:00', 20100.00),
                                                                                         ('P035', 44, '2025-06-06 00:00:00', 59400.00),
                                                                                         ('P036', 11, '2025-06-07 00:00:00', 14960.00),
                                                                                         ('P037', 10, '2025-06-08 00:00:00', 13700.00),
                                                                                         ('P038', 14, '2025-06-09 00:00:00', 19320.00),
                                                                                         ('P039', 11, '2025-06-10 00:00:00', 15290.00),
                                                                                         ('P040', 24, '2025-06-11 00:00:00', 33600.00),
                                                                                         ('P041', 12, '2025-06-12 00:00:00', 16920.00),
                                                                                         ('P042', 7, '2025-06-13 00:00:00', 9940.00),
                                                                                         ('P043', 29, '2025-06-14 00:00:00', 41470.00),
                                                                                         ('P044', 23, '2025-06-15 00:00:00', 33120.00),
                                                                                         ('P045', 10, '2025-06-16 00:00:00', 14500.00),
                                                                                         ('P046', 6, '2025-06-17 00:00:00', 8760.00),
                                                                                         ('P047', 7, '2025-06-18 00:00:00', 10290.00),
                                                                                         ('P048', 1, '2025-06-19 00:00:00', 1480.00),
                                                                                         ('P049', 11, '2025-06-20 00:00:00', 16390.00),
                                                                                         ('P050', 6, '2025-06-21 00:00:00', 9000.00),
                                                                                         ('P051', 22, '2025-06-22 00:00:00', 33220.00),
                                                                                         ('P052', 5, '2025-06-23 00:00:00', 7600.00),
                                                                                         ('P053', 9, '2025-06-24 00:00:00', 13770.00),
                                                                                         ('P054', 2, '2025-06-25 00:00:00', 3080.00),
                                                                                         ('P055', 15, '2025-06-26 00:00:00', 23250.00),
                                                                                         ('P056', 7, '2025-06-27 00:00:00', 10920.00),
                                                                                         ('P057', 11, '2025-06-28 00:00:00', 17270.00),
                                                                                         ('P058', 36, '2025-06-29 00:00:00', 56880.00),
                                                                                         ('P059', 4, '2025-06-30 00:00:00', 6360.00),
                                                                                         ('P060', 14, '2025-07-01 00:00:00', 22400.00),
                                                                                         ('P061', 16, '2025-07-02 00:00:00', 25760.00),
                                                                                         ('P062', 9, '2025-07-03 00:00:00', 14580.00),
                                                                                         ('P063', 7, '2025-07-04 00:00:00', 11410.00),
                                                                                         ('P064', 7, '2025-07-05 00:00:00', 11480.00),
                                                                                         ('P065', 5, '2025-07-06 00:00:00', 8250.00),
                                                                                         ('P066', 4, '2025-07-07 00:00:00', 6640.00),
                                                                                         ('P067', 32, '2025-07-08 00:00:00', 53440.00),
                                                                                         ('P068', 5, '2025-07-09 00:00:00', 8400.00),
                                                                                         ('P069', 6, '2025-07-10 00:00:00', 10140.00),
                                                                                         ('P070', 8, '2025-07-11 00:00:00', 13600.00),
                                                                                         ('P071', 1, '2025-07-12 00:00:00', 1710.00),
                                                                                         ('P072', 16, '2025-07-13 00:00:00', 27520.00),
                                                                                         ('P073', 15, '2025-07-14 00:00:00', 25950.00),
                                                                                         ('P074', 3, '2025-07-15 00:00:00', 5220.00),
                                                                                         ('P075', 1, '2025-07-16 00:00:00', 1750.00),
                                                                                         ('P076', 12, '2025-07-17 00:00:00', 21120.00),
                                                                                         ('P077', 5, '2025-07-18 00:00:00', 8850.00),
                                                                                         ('P078', 19, '2025-07-19 00:00:00', 33820.00),
                                                                                         ('P079', 2, '2025-07-20 00:00:00', 3580.00),
                                                                                         ('P080', 7, '2025-07-21 00:00:00', 12600.00),
                                                                                         ('P081', 15, '2025-07-22 00:00:00', 27150.00),
                                                                                         ('P082', 3, '2025-07-23 00:00:00', 5460.00),
                                                                                         ('P083', 18, '2025-07-24 00:00:00', 32940.00),
                                                                                         ('P084', 3, '2025-07-25 00:00:00', 5520.00),
                                                                                         ('P085', 39, '2025-07-26 00:00:00', 72150.00),
                                                                                         ('P086', 32, '2025-07-27 00:00:00', 59520.00),
                                                                                         ('P087', 18, '2025-07-28 00:00:00', 33660.00),
                                                                                         ('P088', 6, '2025-07-29 00:00:00', 11280.00),
                                                                                         ('P089', 6, '2025-07-30 00:00:00', 11340.00),
                                                                                         ('P090', 5, '2025-07-31 00:00:00', 9500.00),
                                                                                         ('P091', 2, '2025-08-01 00:00:00', 3820.00),
                                                                                         ('P092', 12, '2025-08-02 00:00:00', 23040.00),
                                                                                         ('P093', 6, '2025-08-03 00:00:00', 11580.00),
                                                                                         ('P094', 32, '2025-08-04 00:00:00', 62080.00),
                                                                                         ('P095', 3, '2025-08-05 00:00:00', 5850.00),
                                                                                         ('P096', 13, '2025-08-06 00:00:00', 25480.00),
                                                                                         ('P097', 8, '2025-08-07 00:00:00', 15760.00),
                                                                                         ('P098', 11, '2025-08-08 00:00:00', 21780.00),
                                                                                         ('P099', 10, '2025-08-09 00:00:00', 19900.00),
                                                                                         ('P100', 2, '2025-08-10 00:00:00', 4000.00);

-- ROLES
INSERT INTO roles (name) VALUES
                             ('ROLE_ADMIN'),
                             ('ROLE_USER');

-- USUARIOS
INSERT INTO users (username, password, enabled) VALUES
                                                    ('admin', '$2a$10$7Q0VLZEM0r0KtW6vFd3nGuZ0zYddjJdFrh5NruztTO3ZBjxGnpCZS', TRUE),
                                                    ('usuario', '$2a$10$CSznGy2zkzE88V2Qlmy9Euqpq4RXoh1zVm.GXyyZLPuEdQLBKND7i', TRUE);