
-- PRODUCTOS EXISTENTES
INSERT INTO product_master (product_id, unit_of_measure, product_name, sku, product_code, unit, cost, price, category, location, active) VALUES
                                                                                                                                             ('P001', 'Unidad', 'Notebook Lenovo', 'SKU-001', 'NB-LEN-01', 'Unidad', 350000.00, 420000.00, 'Electrónica', 'A1', TRUE),
                                                                                                                                             ('P002', 'Unidad', 'Mouse Logitech', 'SKU-002', 'MO-LOG-01', 'Unidad', 8000.00, 12000.00, 'Accesorios', 'A2', TRUE),
                                                                                                                                             ('P003', 'Unidad', 'Monitor Samsung 24"', 'SKU-003', 'MN-SAM-24', 'Unidad', 70000.00, 95000.00, 'Electrónica', 'A3', TRUE);

-- MOVIMIENTOS EXISTENTES
INSERT INTO inventory_movement (movement_id, movement_date, product_id, movement_type, quantity, order_id, notes) VALUES
                                                                                                                      ('M001', '2025-05-01 09:00:00', 'P001', 'INBOUND', 10, 'PO-1001', 'Recepción de proveedor'),
                                                                                                                      ('M002', '2025-05-02 10:30:00', 'P002', 'INBOUND', 50, 'PO-1002', 'Reposición bodega'),
                                                                                                                      ('M003', '2025-05-03 14:00:00', 'P001', 'OUTBOUND', 2, 'SO-1001', 'Venta a cliente final'),
                                                                                                                      ('M004', '2025-05-04 15:00:00', 'P003', 'INBOUND', 15, 'PO-1003', 'Compra por promoción'),
                                                                                                                      ('M005', '2025-05-05 16:00:00', 'P002', 'OUTBOUND', 5, 'SO-1002', 'Salida para entrega a cliente');

-- STOCK EXISTENTE
INSERT INTO current_stock (product_id, quantity, last_updated, total_inventory_cost) VALUES
                                                                                         ('P001', 8, '2025-05-03 14:00:00', 2800000.00),
                                                                                         ('P002', 45, '2025-05-05 16:00:00', 360000.00),
                                                                                         ('P003', 15, '2025-05-04 15:00:00', 1050000.00);

-- PREDICCIÓN EXISTENTE
INSERT INTO predictor_stock (prediction_date, product_id, predicted_quantity, predicted_sales, is_holiday, note) VALUES
                                                                                                                     ('2025-06-01', 'P001', 6, 252000.00, FALSE, 'Proyección regular'),
                                                                                                                     ('2025-06-01', 'P002', 30, 360000.00, FALSE, 'Incremento esperado por campaña'),
                                                                                                                     ('2025-06-01', 'P003', 12, 1140000.00, TRUE, 'Aumento por fecha especial');

-- NUEVOS PRODUCTOS
INSERT INTO product_master (product_id, unit_of_measure, product_name, sku, product_code, unit, cost, price, category, location, active) VALUES
                                                                                                                                             ('P004', 'Unidad', 'Quisquam Ducimus', 'SKU-004', 'CODE-004', 'Unidad', 125326, 150391, 'Accesorios', 'A5', TRUE),
                                                                                                                                             ('P005', 'Unidad', 'Quia Et', 'SKU-005', 'CODE-005', 'Unidad', 89074, 106888, 'Electrónica', 'A1', TRUE),
                                                                                                                                             ('P006', 'Unidad', 'Numquam Corporis', 'SKU-006', 'CODE-006', 'Unidad', 9063, 10875, 'Electrónica', 'B1', TRUE),
                                                                                                                                             ('P007', 'Unidad', 'Suscipit Rem', 'SKU-007', 'CODE-007', 'Unidad', 109341, 131209, 'Accesorios', 'A5', TRUE),
                                                                                                                                             ('P008', 'Unidad', 'Facilis Quidem', 'SKU-008', 'CODE-008', 'Unidad', 54440, 65328, 'Electrónica', 'A3', TRUE),
                                                                                                                                             ('P009', 'Unidad', 'Minus Eaque', 'SKU-009', 'CODE-009', 'Unidad', 21299, 25558, 'Oficina', 'B1', TRUE),
                                                                                                                                             ('P010', 'Unidad', 'Ex Non', 'SKU-010', 'CODE-010', 'Unidad', 75434, 90520, 'Electrónica', 'C5', TRUE),
                                                                                                                                             ('P011', 'Unidad', 'Perferendis Hic', 'SKU-011', 'CODE-011', 'Unidad', 61803, 74163, 'Oficina', 'A5', TRUE),
                                                                                                                                             ('P012', 'Unidad', 'Ratione Aperiam', 'SKU-012', 'CODE-012', 'Unidad', 37010, 44412, 'Electrónica', 'B2', TRUE),
                                                                                                                                             ('P013', 'Unidad', 'Beatae Laudantium', 'SKU-013', 'CODE-013', 'Unidad', 37174, 44608, 'Oficina', 'A3', TRUE),
                                                                                                                                             ('P014', 'Unidad', 'Consectetur Unde', 'SKU-014', 'CODE-014', 'Unidad', 54860, 65832, 'Electrónica', 'A3', TRUE),
                                                                                                                                             ('P015', 'Unidad', 'Ex Sequi', 'SKU-015', 'CODE-015', 'Unidad', 38290, 45948, 'Electrónica', 'C4', TRUE),
                                                                                                                                             ('P016', 'Unidad', 'Quasi Illo', 'SKU-016', 'CODE-016', 'Unidad', 137142, 164570, 'Accesorios', 'B4', TRUE),
                                                                                                                                             ('P017', 'Unidad', 'Explicabo Vero', 'SKU-017', 'CODE-017', 'Unidad', 85615, 102738, 'Oficina', 'A2', TRUE),
                                                                                                                                             ('P018', 'Unidad', 'Dicta Laboriosam', 'SKU-018', 'CODE-018', 'Unidad', 48549, 58258, 'Electrónica', 'A2', TRUE),
                                                                                                                                             ('P019', 'Unidad', 'At Ad', 'SKU-019', 'CODE-019', 'Unidad', 121970, 146364, 'Electrónica', 'A1', TRUE),
                                                                                                                                             ('P020', 'Unidad', 'Officia Vero', 'SKU-020', 'CODE-020', 'Unidad', 112658, 135189, 'Oficina', 'B3', TRUE),
                                                                                                                                             ('P021', 'Unidad', 'Ab Corrupti', 'SKU-021', 'CODE-021', 'Unidad', 45526, 54631, 'Oficina', 'C3', TRUE),
                                                                                                                                             ('P022', 'Unidad', 'Corrupti Quod', 'SKU-022', 'CODE-022', 'Unidad', 41130, 49356, 'Oficina', 'A4', TRUE),
                                                                                                                                             ('P023', 'Unidad', 'Officiis Nulla', 'SKU-023', 'CODE-023', 'Unidad', 90858, 109029, 'Electrónica', 'B4', TRUE),
                                                                                                                                             ('P024', 'Unidad', 'Voluptate Doloremque', 'SKU-024', 'CODE-024', 'Unidad', 106174, 127408, 'Oficina', 'C3', TRUE),
                                                                                                                                             ('P025', 'Unidad', 'Hic Id', 'SKU-025', 'CODE-025', 'Unidad', 69359, 83230, 'Oficina', 'C5', TRUE),
                                                                                                                                             ('P026', 'Unidad', 'Beatae Nobis', 'SKU-026', 'CODE-026', 'Unidad', 54864, 65836, 'Accesorios', 'C3', TRUE),
                                                                                                                                             ('P027', 'Unidad', 'Quas Animi', 'SKU-027', 'CODE-027', 'Unidad', 55356, 66427, 'Accesorios', 'C3', TRUE),
                                                                                                                                             ('P028', 'Unidad', 'Explicabo Eius', 'SKU-028', 'CODE-028', 'Unidad', 116893, 140271, 'Accesorios', 'A1', TRUE),
                                                                                                                                             ('P029', 'Unidad', 'Exercitationem Adipisci', 'SKU-029', 'CODE-029', 'Unidad', 82200, 98640, 'Oficina', 'B1', TRUE),
                                                                                                                                             ('P030', 'Unidad', 'Enim Quia', 'SKU-030', 'CODE-030', 'Unidad', 96837, 116204, 'Electrónica', 'C4', TRUE),
                                                                                                                                             ('P031', 'Unidad', 'Impedit Enim', 'SKU-031', 'CODE-031', 'Unidad', 78796, 94555, 'Oficina', 'B5', TRUE),
                                                                                                                                             ('P032', 'Unidad', 'Voluptate Debitis', 'SKU-032', 'CODE-032', 'Unidad', 41285, 49542, 'Electrónica', 'C2', TRUE),
                                                                                                                                             ('P033', 'Unidad', 'Provident Consequuntur', 'SKU-033', 'CODE-033', 'Unidad', 147321, 176785, 'Electrónica', 'A2', TRUE),
                                                                                                                                             ('P034', 'Unidad', 'Labore Veniam', 'SKU-034', 'CODE-034', 'Unidad', 95046, 114055, 'Electrónica', 'B1', TRUE),
                                                                                                                                             ('P035', 'Unidad', 'Nihil Amet', 'SKU-035', 'CODE-035', 'Unidad', 39461, 47353, 'Accesorios', 'A1', TRUE),
                                                                                                                                             ('P036', 'Unidad', 'Ducimus Eveniet', 'SKU-036', 'CODE-036', 'Unidad', 135523, 162627, 'Accesorios', 'C2', TRUE),
                                                                                                                                             ('P037', 'Unidad', 'Occaecati Veniam', 'SKU-037', 'CODE-037', 'Unidad', 134033, 160839, 'Electrónica', 'C4', TRUE),
                                                                                                                                             ('P038', 'Unidad', 'Nobis Ipsum', 'SKU-038', 'CODE-038', 'Unidad', 7087, 8504, 'Electrónica', 'B4', TRUE),
                                                                                                                                             ('P039', 'Unidad', 'Praesentium Placeat', 'SKU-039', 'CODE-039', 'Unidad', 51965, 62358, 'Accesorios', 'B1', TRUE),
                                                                                                                                             ('P040', 'Unidad', 'Dolore Harum', 'SKU-040', 'CODE-040', 'Unidad', 57103, 68523, 'Oficina', 'C2', TRUE),
                                                                                                                                             ('P041', 'Unidad', 'Iusto Dicta', 'SKU-041', 'CODE-041', 'Unidad', 28910, 34692, 'Oficina', 'B2', TRUE),
                                                                                                                                             ('P042', 'Unidad', 'Veritatis Facere', 'SKU-042', 'CODE-042', 'Unidad', 105584, 126700, 'Electrónica', 'C4', TRUE),
                                                                                                                                             ('P043', 'Unidad', 'Eos Natus', 'SKU-043', 'CODE-043', 'Unidad', 61030, 73236, 'Electrónica', 'A3', TRUE),
                                                                                                                                             ('P044', 'Unidad', 'Ab Reiciendis', 'SKU-044', 'CODE-044', 'Unidad', 109290, 131148, 'Oficina', 'B3', TRUE),
                                                                                                                                             ('P045', 'Unidad', 'Veniam Provident', 'SKU-045', 'CODE-045', 'Unidad', 87839, 105406, 'Oficina', 'C2', TRUE),
                                                                                                                                             ('P046', 'Unidad', 'In Soluta', 'SKU-046', 'CODE-046', 'Unidad', 52409, 62890, 'Oficina', 'B2', TRUE),
                                                                                                                                             ('P047', 'Unidad', 'Neque Dolores', 'SKU-047', 'CODE-047', 'Unidad', 84123, 100947, 'Electrónica', 'C2', TRUE),
                                                                                                                                             ('P048', 'Unidad', 'Id Vel', 'SKU-048', 'CODE-048', 'Unidad', 94569, 113482, 'Electrónica', 'B2', TRUE),
                                                                                                                                             ('P049', 'Unidad', 'Rem Reiciendis', 'SKU-049', 'CODE-049', 'Unidad', 10164, 12196, 'Accesorios', 'A5', TRUE),
                                                                                                                                             ('P050', 'Unidad', 'Quam Modi', 'SKU-050', 'CODE-050', 'Unidad', 56613, 67935, 'Oficina', 'B1', TRUE),
                                                                                                                                             ('P051', 'Unidad', 'Magnam Nisi', 'SKU-051', 'CODE-051', 'Unidad', 23451, 28141, 'Accesorios', 'A1', TRUE),
                                                                                                                                             ('P052', 'Unidad', 'Ex Laborum', 'SKU-052', 'CODE-052', 'Unidad', 124194, 149032, 'Oficina', 'B1', TRUE),
                                                                                                                                             ('P053', 'Unidad', 'Nostrum Consectetur', 'SKU-053', 'CODE-053', 'Unidad', 35941, 43129, 'Oficina', 'C1', TRUE),
                                                                                                                                             ('P054', 'Unidad', 'Corporis Sunt', 'SKU-054', 'CODE-054', 'Unidad', 103589, 124306, 'Electrónica', 'C3', TRUE),
                                                                                                                                             ('P055', 'Unidad', 'Fuga Laboriosam', 'SKU-055', 'CODE-055', 'Unidad', 56593, 67911, 'Accesorios', 'B4', TRUE),
                                                                                                                                             ('P056', 'Unidad', 'Dolore Enim', 'SKU-056', 'CODE-056', 'Unidad', 20893, 25071, 'Oficina', 'B1', TRUE),
                                                                                                                                             ('P057', 'Unidad', 'In Iure', 'SKU-057', 'CODE-057', 'Unidad', 127563, 153075, 'Oficina', 'C1', TRUE),
                                                                                                                                             ('P058', 'Unidad', 'Saepe Perspiciatis', 'SKU-058', 'CODE-058', 'Unidad', 87604, 105124, 'Oficina', 'C4', TRUE),
                                                                                                                                             ('P059', 'Unidad', 'Eaque Aspernatur', 'SKU-059', 'CODE-059', 'Unidad', 149049, 178858, 'Accesorios', 'B4', TRUE),
                                                                                                                                             ('P060', 'Unidad', 'Aut Voluptas', 'SKU-060', 'CODE-060', 'Unidad', 136183, 163419, 'Oficina', 'B5', TRUE),
                                                                                                                                             ('P061', 'Unidad', 'Eligendi Hic', 'SKU-061', 'CODE-061', 'Unidad', 13211, 15853, 'Oficina', 'C5', TRUE),
                                                                                                                                             ('P062', 'Unidad', 'Eum Repellat', 'SKU-062', 'CODE-062', 'Unidad', 50925, 61110, 'Accesorios', 'B5', TRUE),
                                                                                                                                             ('P063', 'Unidad', 'Quod Blanditiis', 'SKU-063', 'CODE-063', 'Unidad', 31045, 37254, 'Electrónica', 'C5', TRUE),
                                                                                                                                             ('P064', 'Unidad', 'Mollitia Esse', 'SKU-064', 'CODE-064', 'Unidad', 93008, 111609, 'Accesorios', 'B4', TRUE),
                                                                                                                                             ('P065', 'Unidad', 'Illum Officiis', 'SKU-065', 'CODE-065', 'Unidad', 32752, 39302, 'Oficina', 'C2', TRUE),
                                                                                                                                             ('P066', 'Unidad', 'Ratione Ratione', 'SKU-066', 'CODE-066', 'Unidad', 145579, 174694, 'Electrónica', 'A1', TRUE),
                                                                                                                                             ('P067', 'Unidad', 'Aperiam Harum', 'SKU-067', 'CODE-067', 'Unidad', 114079, 136894, 'Accesorios', 'C2', TRUE),
                                                                                                                                             ('P068', 'Unidad', 'Esse Tempora', 'SKU-068', 'CODE-068', 'Unidad', 77909, 93490, 'Accesorios', 'A5', TRUE),
                                                                                                                                             ('P069', 'Unidad', 'Hic Quibusdam', 'SKU-069', 'CODE-069', 'Unidad', 13427, 16112, 'Oficina', 'C4', TRUE),
                                                                                                                                             ('P070', 'Unidad', 'Quisquam Aliquam', 'SKU-070', 'CODE-070', 'Unidad', 64683, 77619, 'Electrónica', 'A4', TRUE),
                                                                                                                                             ('P071', 'Unidad', 'Et Amet', 'SKU-071', 'CODE-071', 'Unidad', 141197, 169436, 'Electrónica', 'A5', TRUE),
                                                                                                                                             ('P072', 'Unidad', 'Eligendi Quae', 'SKU-072', 'CODE-072', 'Unidad', 55322, 66386, 'Electrónica', 'A2', TRUE),
                                                                                                                                             ('P073', 'Unidad', 'In Ratione', 'SKU-073', 'CODE-073', 'Unidad', 14110, 16932, 'Oficina', 'A2', TRUE),
                                                                                                                                             ('P074', 'Unidad', 'Minus Placeat', 'SKU-074', 'CODE-074', 'Unidad', 75681, 90817, 'Accesorios', 'A4', TRUE),
                                                                                                                                             ('P075', 'Unidad', 'Quidem Asperiores', 'SKU-075', 'CODE-075', 'Unidad', 137101, 164521, 'Accesorios', 'B4', TRUE),
                                                                                                                                             ('P076', 'Unidad', 'Repellat Veritatis', 'SKU-076', 'CODE-076', 'Unidad', 41322, 49586, 'Electrónica', 'B3', TRUE),
                                                                                                                                             ('P077', 'Unidad', 'Excepturi Iure', 'SKU-077', 'CODE-077', 'Unidad', 118763, 142515, 'Oficina', 'C1', TRUE),
                                                                                                                                             ('P078', 'Unidad', 'Voluptates Hic', 'SKU-078', 'CODE-078', 'Unidad', 60387, 72464, 'Oficina', 'B1', TRUE),
                                                                                                                                             ('P079', 'Unidad', 'Omnis Expedita', 'SKU-079', 'CODE-079', 'Unidad', 63040, 75648, 'Oficina', 'A4', TRUE),
                                                                                                                                             ('P080', 'Unidad', 'Iure Consectetur', 'SKU-080', 'CODE-080', 'Unidad', 112850, 135420, 'Electrónica', 'B4', TRUE),
                                                                                                                                             ('P081', 'Unidad', 'Odit Quidem', 'SKU-081', 'CODE-081', 'Unidad', 65146, 78175, 'Accesorios', 'C5', TRUE),
                                                                                                                                             ('P082', 'Unidad', 'Quia Similique', 'SKU-082', 'CODE-082', 'Unidad', 90337, 108404, 'Oficina', 'B5', TRUE),
                                                                                                                                             ('P083', 'Unidad', 'Expedita Dolore', 'SKU-083', 'CODE-083', 'Unidad', 134610, 161532, 'Electrónica', 'A2', TRUE),
                                                                                                                                             ('P084', 'Unidad', 'Beatae Deserunt', 'SKU-084', 'CODE-084', 'Unidad', 141466, 169759, 'Accesorios', 'A2', TRUE),
                                                                                                                                             ('P085', 'Unidad', 'Perferendis Ipsum', 'SKU-085', 'CODE-085', 'Unidad', 112980, 135576, 'Electrónica', 'A4', TRUE),
                                                                                                                                             ('P086', 'Unidad', 'Atque Quod', 'SKU-086', 'CODE-086', 'Unidad', 111134, 133360, 'Oficina', 'A2', TRUE),
                                                                                                                                             ('P087', 'Unidad', 'Harum Ipsum', 'SKU-087', 'CODE-087', 'Unidad', 95979, 115174, 'Accesorios', 'A3', TRUE),
                                                                                                                                             ('P088', 'Unidad', 'Molestias Molestias', 'SKU-088', 'CODE-088', 'Unidad', 68355, 82026, 'Electrónica', 'A2', TRUE),
                                                                                                                                             ('P089', 'Unidad', 'Ratione Velit', 'SKU-089', 'CODE-089', 'Unidad', 141086, 169303, 'Accesorios', 'B5', TRUE),
                                                                                                                                             ('P090', 'Unidad', 'Praesentium Nihil', 'SKU-090', 'CODE-090', 'Unidad', 96177, 115412, 'Accesorios', 'B1', TRUE),
                                                                                                                                             ('P091', 'Unidad', 'Atque Similique', 'SKU-091', 'CODE-091', 'Unidad', 15011, 18013, 'Oficina', 'C4', TRUE),
                                                                                                                                             ('P092', 'Unidad', 'Velit Quod', 'SKU-092', 'CODE-092', 'Unidad', 12154, 14584, 'Accesorios', 'C4', TRUE),
                                                                                                                                             ('P093', 'Unidad', 'Unde Temporibus', 'SKU-093', 'CODE-093', 'Unidad', 117568, 141081, 'Oficina', 'C1', TRUE),
                                                                                                                                             ('P094', 'Unidad', 'Vel A', 'SKU-094', 'CODE-094', 'Unidad', 141569, 169882, 'Electrónica', 'B1', TRUE),
                                                                                                                                             ('P095', 'Unidad', 'Incidunt Quisquam', 'SKU-095', 'CODE-095', 'Unidad', 48371, 58045, 'Accesorios', 'A2', TRUE),
                                                                                                                                             ('P096', 'Unidad', 'Suscipit Tenetur', 'SKU-096', 'CODE-096', 'Unidad', 106130, 127356, 'Oficina', 'C5', TRUE),
                                                                                                                                             ('P097', 'Unidad', 'Laborum Dicta', 'SKU-097', 'CODE-097', 'Unidad', 40151, 48181, 'Electrónica', 'B1', TRUE),
                                                                                                                                             ('P098', 'Unidad', 'Explicabo Fugit', 'SKU-098', 'CODE-098', 'Unidad', 98284, 117940, 'Oficina', 'C3', TRUE),
                                                                                                                                             ('P099', 'Unidad', 'Aspernatur Repudiandae', 'SKU-099', 'CODE-099', 'Unidad', 13258, 15909, 'Accesorios', 'C1', TRUE),
                                                                                                                                             ('P100', 'Unidad', 'Hic Earum', 'SKU-100', 'CODE-100', 'Unidad', 60050, 72060, 'Oficina', 'A2', TRUE),
                                                                                                                                             ('P101', 'Unidad', 'Esse Debitis', 'SKU-101', 'CODE-101', 'Unidad', 19780, 23736, 'Oficina', 'A4', TRUE),
                                                                                                                                             ('P102', 'Unidad', 'Sint Beatae', 'SKU-102', 'CODE-102', 'Unidad', 72859, 87430, 'Electrónica', 'C3', TRUE),
                                                                                                                                             ('P103', 'Unidad', 'At Quam', 'SKU-103', 'CODE-103', 'Unidad', 23627, 28352, 'Oficina', 'C3', TRUE);
INSERT INTO inventory_movement (movement_id, movement_date, product_id, movement_type, quantity, order_id, notes) VALUES
                                                                                                                      ('M0040', '2025-05-10 00:00:00', 'P004', 'INBOUND', 35, 'PO-7175', 'Amet fugiat incidunt aut tempora amet doloremque dolore.'),
                                                                                                                      ('M0041', '2025-05-08 00:00:00', 'P004', 'OUTBOUND', 31, 'SO-9697', 'Assumenda blanditiis exercitationem consequatur animi id cumque.'),
                                                                                                                      ('M0050', '2025-05-02 00:00:00', 'P005', 'INBOUND', 14, 'PO-1146', 'Molestias dignissimos cum reprehenderit recusandae corporis.'),
                                                                                                                      ('M0051', '2025-05-02 00:00:00', 'P005', 'OUTBOUND', 3, 'SO-6335', 'Excepturi suscipit inventore magni.'),
                                                                                                                      ('M0060', '2025-05-11 00:00:00', 'P006', 'INBOUND', 4, 'PO-6568', 'Reprehenderit ipsum quidem odit repellat vel aliquid.'),
                                                                                                                      ('M0061', '2025-05-01 00:00:00', 'P006', 'OUTBOUND', 50, 'SO-5410', 'Iure iste enim adipisci fuga adipisci.'),
                                                                                                                      ('M0070', '2025-05-02 00:00:00', 'P007', 'INBOUND', 20, 'PO-6085', 'Dicta facilis occaecati repellat modi.'),
                                                                                                                      ('M0071', '2025-05-02 00:00:00', 'P007', 'OUTBOUND', 30, 'SO-9799', 'Velit quasi cum.'),
                                                                                                                      ('M0080', '2025-05-02 00:00:00', 'P008', 'INBOUND', 17, 'PO-1174', 'Tenetur quo pariatur accusantium nesciunt.'),
                                                                                                                      ('M0081', '2025-05-07 00:00:00', 'P008', 'OUTBOUND', 39, 'SO-9062', 'Officiis laborum accusamus temporibus similique nesciunt eaque.'),
                                                                                                                      ('M0090', '2025-05-01 00:00:00', 'P009', 'INBOUND', 36, 'PO-7306', 'Eaque consectetur magnam incidunt eveniet.'),
                                                                                                                      ('M0091', '2025-05-11 00:00:00', 'P009', 'OUTBOUND', 15, 'SO-2733', 'Voluptatum ullam voluptatum optio.'),
                                                                                                                      ('M0100', '2025-05-04 00:00:00', 'P010', 'INBOUND', 36, 'PO-4502', 'Corporis alias neque non nobis laudantium veritatis.'),
                                                                                                                      ('M0101', '2025-05-04 00:00:00', 'P010', 'OUTBOUND', 11, 'SO-7030', 'Animi debitis aperiam cumque et eum at.'),
                                                                                                                      ('M0110', '2025-05-08 00:00:00', 'P011', 'INBOUND', 13, 'PO-6513', 'Iusto necessitatibus quae laboriosam laudantium laboriosam autem.'),
                                                                                                                      ('M0111', '2025-05-03 00:00:00', 'P011', 'OUTBOUND', 4, 'SO-4174', 'Ipsum sunt veritatis ea qui repellendus ipsam.'),
                                                                                                                      ('M0120', '2025-05-03 00:00:00', 'P012', 'INBOUND', 23, 'PO-3028', 'Provident consectetur enim numquam molestiae.'),
                                                                                                                      ('M0121', '2025-05-04 00:00:00', 'P012', 'OUTBOUND', 33, 'SO-3284', 'Dolores cum eum soluta.'),
                                                                                                                      ('M0130', '2025-05-11 00:00:00', 'P013', 'INBOUND', 4, 'PO-9349', 'Voluptatem blanditiis non dicta odit numquam.'),
                                                                                                                      ('M0131', '2025-05-07 00:00:00', 'P013', 'OUTBOUND', 38, 'SO-5934', 'Debitis quaerat dolor esse et placeat voluptatibus harum.'),
                                                                                                                      ('M0140', '2025-05-02 00:00:00', 'P014', 'INBOUND', 27, 'PO-2831', 'Similique possimus sint nesciunt earum perspiciatis.'),
                                                                                                                      ('M0141', '2025-05-03 00:00:00', 'P014', 'OUTBOUND', 34, 'SO-2704', 'Quaerat minima cupiditate voluptatum voluptates.'),
                                                                                                                      ('M0150', '2025-05-06 00:00:00', 'P015', 'INBOUND', 30, 'PO-4167', 'Dolore recusandae magni delectus.'),
                                                                                                                      ('M0151', '2025-05-06 00:00:00', 'P015', 'OUTBOUND', 5, 'SO-3325', 'Tenetur excepturi eveniet maxime eligendi voluptate.'),
                                                                                                                      ('M0160', '2025-05-05 00:00:00', 'P016', 'INBOUND', 11, 'PO-5495', 'Veritatis veritatis suscipit corrupti rem odio provident.'),
                                                                                                                      ('M0161', '2025-05-07 00:00:00', 'P016', 'OUTBOUND', 42, 'SO-2883', 'Sit magnam vitae in et ex perspiciatis.'),
                                                                                                                      ('M0170', '2025-05-10 00:00:00', 'P017', 'INBOUND', 36, 'PO-4394', 'Numquam neque hic architecto voluptates esse vel voluptate.'),
                                                                                                                      ('M0171', '2025-05-04 00:00:00', 'P017', 'OUTBOUND', 7, 'SO-4048', 'Quod enim ex quas doloribus modi.'),
                                                                                                                      ('M0180', '2025-05-06 00:00:00', 'P018', 'INBOUND', 46, 'PO-5221', 'Nobis officia possimus iste occaecati numquam vitae.'),
                                                                                                                      ('M0181', '2025-05-06 00:00:00', 'P018', 'OUTBOUND', 46, 'SO-1247', 'Quam esse iste quas quos.'),
                                                                                                                      ('M0190', '2025-05-02 00:00:00', 'P019', 'INBOUND', 42, 'PO-2377', 'Nobis natus quis ea exercitationem.'),
                                                                                                                      ('M0191', '2025-05-09 00:00:00', 'P019', 'OUTBOUND', 29, 'SO-6462', 'Quia sapiente id quod doloremque reprehenderit.'),
                                                                                                                      ('M0200', '2025-05-08 00:00:00', 'P020', 'INBOUND', 9, 'PO-7664', 'Quasi aut nam illo quia minus aut temporibus.'),
                                                                                                                      ('M0201', '2025-05-05 00:00:00', 'P020', 'OUTBOUND', 5, 'SO-9426', 'Minima voluptas eum dolorum.'),
                                                                                                                      ('M0210', '2025-05-05 00:00:00', 'P021', 'INBOUND', 39, 'PO-4083', 'Deleniti sit eum eligendi a quidem.'),
                                                                                                                      ('M0211', '2025-05-03 00:00:00', 'P021', 'OUTBOUND', 10, 'SO-4485', 'Exercitationem a corporis ratione sequi esse asperiores.'),
                                                                                                                      ('M0220', '2025-05-11 00:00:00', 'P022', 'INBOUND', 41, 'PO-2315', 'Excepturi perspiciatis illum maiores.'),
                                                                                                                      ('M0221', '2025-05-04 00:00:00', 'P022', 'OUTBOUND', 43, 'SO-2349', 'Ipsa pariatur eos ea placeat odit.'),
                                                                                                                      ('M0230', '2025-05-10 00:00:00', 'P023', 'INBOUND', 38, 'PO-2279', 'Illo neque voluptate ut quis fugit ratione adipisci.'),
                                                                                                                      ('M0231', '2025-05-02 00:00:00', 'P023', 'OUTBOUND', 20, 'SO-4500', 'Molestias eligendi totam atque ipsam maiores molestiae.'),
                                                                                                                      ('M0240', '2025-05-07 00:00:00', 'P024', 'INBOUND', 17, 'PO-6372', 'Explicabo et debitis ea nam debitis.'),
                                                                                                                      ('M0241', '2025-05-05 00:00:00', 'P024', 'OUTBOUND', 1, 'SO-5330', 'Modi ea eaque quidem minus laboriosam in.'),
                                                                                                                      ('M0250', '2025-05-10 00:00:00', 'P025', 'INBOUND', 14, 'PO-4293', 'Quas accusamus odit eaque.'),
                                                                                                                      ('M0251', '2025-05-08 00:00:00', 'P025', 'OUTBOUND', 33, 'SO-6541', 'Quam veniam ipsam mollitia.'),
                                                                                                                      ('M0260', '2025-05-03 00:00:00', 'P026', 'INBOUND', 4, 'PO-2107', 'Libero nobis porro sit exercitationem.'),
                                                                                                                      ('M0261', '2025-05-10 00:00:00', 'P026', 'OUTBOUND', 40, 'SO-4630', 'Tempore dicta minus natus aliquam tempora.'),
                                                                                                                      ('M0270', '2025-05-06 00:00:00', 'P027', 'INBOUND', 2, 'PO-8156', 'Facilis iusto hic maxime vero vel facere.'),
                                                                                                                      ('M0271', '2025-05-11 00:00:00', 'P027', 'OUTBOUND', 11, 'SO-8955', 'Veniam cumque reprehenderit magni ex.'),
                                                                                                                      ('M0280', '2025-05-11 00:00:00', 'P028', 'INBOUND', 49, 'PO-8332', 'Dolorem maiores ut quia quam maiores.'),
                                                                                                                      ('M0281', '2025-05-03 00:00:00', 'P028', 'OUTBOUND', 3, 'SO-7310', 'Mollitia maiores nesciunt maxime in consequuntur quaerat minus.'),
                                                                                                                      ('M0290', '2025-05-05 00:00:00', 'P029', 'INBOUND', 33, 'PO-5648', 'Corrupti quaerat hic tenetur modi rerum repudiandae voluptatibus.'),
                                                                                                                      ('M0291', '2025-05-02 00:00:00', 'P029', 'OUTBOUND', 3, 'SO-1944', 'Ducimus non illo sapiente nesciunt sapiente nihil cum.'),
                                                                                                                      ('M0300', '2025-05-08 00:00:00', 'P030', 'INBOUND', 22, 'PO-8706', 'Quo corporis illo officia esse modi.'),
                                                                                                                      ('M0301', '2025-05-02 00:00:00', 'P030', 'OUTBOUND', 9, 'SO-7653', 'Beatae cupiditate unde provident doloribus quis ullam.'),
                                                                                                                      ('M0310', '2025-05-02 00:00:00', 'P031', 'INBOUND', 49, 'PO-5196', 'Recusandae quia dignissimos.'),
                                                                                                                      ('M0311', '2025-05-01 00:00:00', 'P031', 'OUTBOUND', 8, 'SO-3041', 'Recusandae ratione quam.'),
                                                                                                                      ('M0320', '2025-05-08 00:00:00', 'P032', 'INBOUND', 37, 'PO-8527', 'Sunt ea provident.'),
                                                                                                                      ('M0321', '2025-05-09 00:00:00', 'P032', 'OUTBOUND', 23, 'SO-3979', 'Dolorum sunt alias soluta ipsam cum consequatur.'),
                                                                                                                      ('M0330', '2025-05-09 00:00:00', 'P033', 'INBOUND', 36, 'PO-7430', 'Placeat molestiae iste accusamus quos est.'),
                                                                                                                      ('M0331', '2025-05-03 00:00:00', 'P033', 'OUTBOUND', 10, 'SO-3919', 'Omnis quisquam rerum maxime corrupti at commodi facilis.'),
                                                                                                                      ('M0340', '2025-05-11 00:00:00', 'P034', 'INBOUND', 49, 'PO-3189', 'Accusamus consequatur incidunt placeat asperiores nostrum.'),
                                                                                                                      ('M0341', '2025-05-03 00:00:00', 'P034', 'OUTBOUND', 35, 'SO-9558', 'Impedit minima sunt ad tenetur.'),
                                                                                                                      ('M0350', '2025-05-06 00:00:00', 'P035', 'INBOUND', 13, 'PO-4601', 'Accusantium cupiditate rerum debitis.'),
                                                                                                                      ('M0351', '2025-05-04 00:00:00', 'P035', 'OUTBOUND', 10, 'SO-2073', 'Voluptates laborum accusamus praesentium.'),
                                                                                                                      ('M0360', '2025-05-01 00:00:00', 'P036', 'INBOUND', 50, 'PO-5255', 'Ut cum mollitia accusamus.'),
                                                                                                                      ('M0361', '2025-05-08 00:00:00', 'P036', 'OUTBOUND', 49, 'SO-2302', 'At omnis mollitia itaque voluptatibus dolor.'),
                                                                                                                      ('M0370', '2025-05-09 00:00:00', 'P037', 'INBOUND', 42, 'PO-6844', 'Nostrum laudantium dolorem libero est.'),
                                                                                                                      ('M0371', '2025-05-06 00:00:00', 'P037', 'OUTBOUND', 28, 'SO-7658', 'Cum et quisquam illo voluptatum.'),
                                                                                                                      ('M0380', '2025-05-03 00:00:00', 'P038', 'INBOUND', 28, 'PO-8175', 'Nulla dicta aspernatur nostrum ratione magni.'),
                                                                                                                      ('M0381', '2025-05-09 00:00:00', 'P038', 'OUTBOUND', 25, 'SO-3642', 'Veniam eligendi tempore nesciunt maxime.'),
                                                                                                                      ('M0390', '2025-05-07 00:00:00', 'P039', 'INBOUND', 49, 'PO-4519', 'Praesentium quo quam.'),
                                                                                                                      ('M0391', '2025-05-01 00:00:00', 'P039', 'OUTBOUND', 38, 'SO-4932', 'Reprehenderit facilis rerum aut.'),
                                                                                                                      ('M0400', '2025-05-08 00:00:00', 'P040', 'INBOUND', 34, 'PO-6563', 'Minus quidem totam consequuntur.'),
                                                                                                                      ('M0401', '2025-05-04 00:00:00', 'P040', 'OUTBOUND', 18, 'SO-7067', 'Iusto aspernatur totam vitae.'),
                                                                                                                      ('M0410', '2025-05-01 00:00:00', 'P041', 'INBOUND', 47, 'PO-9747', 'Voluptatibus non possimus at ipsum hic eaque.'),
                                                                                                                      ('M0411', '2025-05-10 00:00:00', 'P041', 'OUTBOUND', 33, 'SO-6270', 'Sed provident doloremque omnis iusto ad repudiandae.'),
                                                                                                                      ('M0420', '2025-05-08 00:00:00', 'P042', 'INBOUND', 44, 'PO-5382', 'Cumque sunt cupiditate unde eius reprehenderit praesentium.'),
                                                                                                                      ('M0421', '2025-05-11 00:00:00', 'P042', 'OUTBOUND', 43, 'SO-2792', 'Incidunt facere ipsum ducimus facere facere.'),
                                                                                                                      ('M0430', '2025-05-06 00:00:00', 'P043', 'INBOUND', 6, 'PO-7121', 'Incidunt quidem tenetur expedita corporis.'),
                                                                                                                      ('M0431', '2025-05-04 00:00:00', 'P043', 'OUTBOUND', 23, 'SO-2777', 'Fuga placeat ex quibusdam officia sed.'),
                                                                                                                      ('M0440', '2025-05-08 00:00:00', 'P044', 'INBOUND', 19, 'PO-1066', 'Ad eligendi provident eius minima harum et.'),
                                                                                                                      ('M0441', '2025-05-05 00:00:00', 'P044', 'OUTBOUND', 30, 'SO-1923', 'Placeat maxime debitis perspiciatis.'),
                                                                                                                      ('M0450', '2025-05-11 00:00:00', 'P045', 'INBOUND', 29, 'PO-7968', 'Alias quam dolor eum voluptate eligendi.'),
                                                                                                                      ('M0451', '2025-05-04 00:00:00', 'P045', 'OUTBOUND', 35, 'SO-2351', 'Deserunt iste facilis dolor vel.'),
                                                                                                                      ('M0460', '2025-05-01 00:00:00', 'P046', 'INBOUND', 45, 'PO-6836', 'Necessitatibus veniam repellendus vero labore saepe error.'),
                                                                                                                      ('M0461', '2025-05-01 00:00:00', 'P046', 'OUTBOUND', 24, 'SO-9751', 'Quasi labore recusandae dolor numquam.'),
                                                                                                                      ('M0470', '2025-05-08 00:00:00', 'P047', 'INBOUND', 17, 'PO-4785', 'Accusamus beatae voluptas eum.'),
                                                                                                                      ('M0471', '2025-05-11 00:00:00', 'P047', 'OUTBOUND', 28, 'SO-2366', 'Doloremque vitae ea.'),
                                                                                                                      ('M0480', '2025-05-05 00:00:00', 'P048', 'INBOUND', 43, 'PO-8877', 'Enim expedita delectus iste.'),
                                                                                                                      ('M0481', '2025-05-01 00:00:00', 'P048', 'OUTBOUND', 43, 'SO-3419', 'Porro in cum neque.'),
                                                                                                                      ('M0490', '2025-05-10 00:00:00', 'P049', 'INBOUND', 9, 'PO-2241', 'Ipsa quis deleniti placeat a enim ipsam expedita.'),
                                                                                                                      ('M0491', '2025-05-05 00:00:00', 'P049', 'OUTBOUND', 9, 'SO-8296', 'Natus aperiam deserunt maiores maiores.'),
                                                                                                                      ('M0500', '2025-05-06 00:00:00', 'P050', 'INBOUND', 12, 'PO-2594', 'Quis cum perferendis aliquid aperiam explicabo sapiente.'),
                                                                                                                      ('M0501', '2025-05-07 00:00:00', 'P050', 'OUTBOUND', 14, 'SO-9979', 'Ipsa omnis temporibus quod.'),
                                                                                                                      ('M0510', '2025-05-06 00:00:00', 'P051', 'INBOUND', 43, 'PO-4269', 'Veniam soluta dolores in voluptate sapiente.'),
                                                                                                                      ('M0511', '2025-05-03 00:00:00', 'P051', 'OUTBOUND', 31, 'SO-5964', 'Facere accusantium pariatur error cumque inventore.'),
                                                                                                                      ('M0520', '2025-05-08 00:00:00', 'P052', 'INBOUND', 32, 'PO-6879', 'Nam molestias pariatur.'),
                                                                                                                      ('M0521', '2025-05-01 00:00:00', 'P052', 'OUTBOUND', 42, 'SO-7556', 'Quis dolores atque ea autem ea recusandae officiis.'),
                                                                                                                      ('M0530', '2025-05-06 00:00:00', 'P053', 'INBOUND', 47, 'PO-6405', 'Quidem expedita adipisci cum.'),
                                                                                                                      ('M0531', '2025-05-01 00:00:00', 'P053', 'OUTBOUND', 5, 'SO-5555', 'Expedita eaque mollitia eos odio.'),
                                                                                                                      ('M0540', '2025-05-08 00:00:00', 'P054', 'INBOUND', 32, 'PO-2890', 'Repellat natus deserunt corporis incidunt quos commodi.'),
                                                                                                                      ('M0541', '2025-05-08 00:00:00', 'P054', 'OUTBOUND', 24, 'SO-8842', 'Itaque fugiat doloribus modi rem.'),
                                                                                                                      ('M0550', '2025-05-06 00:00:00', 'P055', 'INBOUND', 30, 'PO-3810', 'Illo quidem laudantium aspernatur.'),
                                                                                                                      ('M0551', '2025-05-10 00:00:00', 'P055', 'OUTBOUND', 6, 'SO-6397', 'Quasi deserunt ea sed veritatis voluptatum.'),
                                                                                                                      ('M0560', '2025-05-10 00:00:00', 'P056', 'INBOUND', 40, 'PO-6638', 'Maxime totam iste ipsam nam.'),
                                                                                                                      ('M0561', '2025-05-07 00:00:00', 'P056', 'OUTBOUND', 40, 'SO-7066', 'Commodi provident praesentium sed eaque optio iure.'),
                                                                                                                      ('M0570', '2025-05-03 00:00:00', 'P057', 'INBOUND', 27, 'PO-1587', 'Delectus quos dicta earum at hic adipisci dolorum.'),
                                                                                                                      ('M0571', '2025-05-08 00:00:00', 'P057', 'OUTBOUND', 50, 'SO-8316', 'Sapiente incidunt accusantium nihil fugiat nam suscipit.'),
                                                                                                                      ('M0580', '2025-05-03 00:00:00', 'P058', 'INBOUND', 50, 'PO-4734', 'Placeat temporibus ut velit eaque adipisci.'),
                                                                                                                      ('M0581', '2025-05-02 00:00:00', 'P058', 'OUTBOUND', 22, 'SO-6139', 'Sapiente tenetur nam natus laudantium laborum harum.'),
                                                                                                                      ('M0590', '2025-05-02 00:00:00', 'P059', 'INBOUND', 45, 'PO-9099', 'Nam ipsam corporis tenetur vero aut vero.'),
                                                                                                                      ('M0591', '2025-05-01 00:00:00', 'P059', 'OUTBOUND', 20, 'SO-7976', 'Consectetur rem praesentium ducimus asperiores excepturi.'),
                                                                                                                      ('M0600', '2025-05-05 00:00:00', 'P060', 'INBOUND', 10, 'PO-9510', 'Nihil facilis dolorem blanditiis dolores tenetur.'),
                                                                                                                      ('M0601', '2025-05-09 00:00:00', 'P060', 'OUTBOUND', 24, 'SO-7232', 'Blanditiis ab consectetur minus nam corrupti atque.'),
                                                                                                                      ('M0610', '2025-05-06 00:00:00', 'P061', 'INBOUND', 17, 'PO-6553', 'Magni quas deserunt sint non.'),
                                                                                                                      ('M0611', '2025-05-10 00:00:00', 'P061', 'OUTBOUND', 35, 'SO-8198', 'Dolore consectetur blanditiis cumque et accusamus.'),
                                                                                                                      ('M0620', '2025-05-11 00:00:00', 'P062', 'INBOUND', 22, 'PO-5739', 'Hic suscipit similique sit laboriosam cum vitae.'),
                                                                                                                      ('M0621', '2025-05-09 00:00:00', 'P062', 'OUTBOUND', 2, 'SO-2335', 'Sequi eius maiores odit molestias deserunt.'),
                                                                                                                      ('M0630', '2025-05-06 00:00:00', 'P063', 'INBOUND', 29, 'PO-3768', 'Ullam occaecati adipisci earum nihil dolore ducimus.'),
                                                                                                                      ('M0631', '2025-05-01 00:00:00', 'P063', 'OUTBOUND', 44, 'SO-1449', 'Sunt ad fuga.'),
                                                                                                                      ('M0640', '2025-05-10 00:00:00', 'P064', 'INBOUND', 9, 'PO-1172', 'Veniam aliquam tenetur animi quidem.'),
                                                                                                                      ('M0641', '2025-05-07 00:00:00', 'P064', 'OUTBOUND', 8, 'SO-1156', 'Reiciendis consectetur recusandae id eum nihil aliquid.'),
                                                                                                                      ('M0650', '2025-05-07 00:00:00', 'P065', 'INBOUND', 2, 'PO-5206', 'Quos quidem rerum saepe.'),
                                                                                                                      ('M0651', '2025-05-08 00:00:00', 'P065', 'OUTBOUND', 16, 'SO-6656', 'In odio sapiente doloremque veniam totam.'),
                                                                                                                      ('M0660', '2025-05-09 00:00:00', 'P066', 'INBOUND', 44, 'PO-9931', 'Debitis dolorem iure voluptate aperiam ipsam enim.'),
                                                                                                                      ('M0661', '2025-05-04 00:00:00', 'P066', 'OUTBOUND', 6, 'SO-2980', 'Ex quas facere provident quisquam ducimus.'),
                                                                                                                      ('M0670', '2025-05-05 00:00:00', 'P067', 'INBOUND', 8, 'PO-7501', 'Fuga possimus quas accusamus distinctio.'),
                                                                                                                      ('M0671', '2025-05-04 00:00:00', 'P067', 'OUTBOUND', 10, 'SO-9421', 'Deserunt dignissimos ullam consectetur ipsa repudiandae.'),
                                                                                                                      ('M0680', '2025-05-07 00:00:00', 'P068', 'INBOUND', 10, 'PO-8161', 'Iure tenetur officia deserunt saepe adipisci quisquam.'),
                                                                                                                      ('M0681', '2025-05-11 00:00:00', 'P068', 'OUTBOUND', 44, 'SO-8219', 'Atque blanditiis eum adipisci saepe repudiandae similique culpa.'),
                                                                                                                      ('M0690', '2025-05-08 00:00:00', 'P069', 'INBOUND', 29, 'PO-1397', 'Sint a commodi illo.'),
                                                                                                                      ('M0691', '2025-05-05 00:00:00', 'P069', 'OUTBOUND', 10, 'SO-7776', 'Deserunt amet expedita.'),
                                                                                                                      ('M0700', '2025-05-02 00:00:00', 'P070', 'INBOUND', 15, 'PO-4028', 'Quia voluptates facere illo laborum natus animi sequi.'),
                                                                                                                      ('M0701', '2025-05-05 00:00:00', 'P070', 'OUTBOUND', 38, 'SO-3883', 'Repellat earum est porro.'),
                                                                                                                      ('M0710', '2025-05-07 00:00:00', 'P071', 'INBOUND', 12, 'PO-5267', 'Accusantium eligendi eius voluptas consectetur.'),
                                                                                                                      ('M0711', '2025-05-06 00:00:00', 'P071', 'OUTBOUND', 36, 'SO-9229', 'Debitis blanditiis sed asperiores omnis.'),
                                                                                                                      ('M0720', '2025-05-10 00:00:00', 'P072', 'INBOUND', 45, 'PO-7037', 'Aperiam ut iste voluptatibus.'),
                                                                                                                      ('M0721', '2025-05-03 00:00:00', 'P072', 'OUTBOUND', 17, 'SO-6569', 'Cum non iste.'),
                                                                                                                      ('M0730', '2025-05-07 00:00:00', 'P073', 'INBOUND', 25, 'PO-1754', 'Rerum quo ipsum accusantium laudantium laudantium commodi.'),
                                                                                                                      ('M0731', '2025-05-03 00:00:00', 'P073', 'OUTBOUND', 46, 'SO-2991', 'Iusto delectus totam quas.'),
                                                                                                                      ('M0740', '2025-05-11 00:00:00', 'P074', 'INBOUND', 6, 'PO-8456', 'Quibusdam placeat deserunt animi quibusdam cumque.'),
                                                                                                                      ('M0741', '2025-05-05 00:00:00', 'P074', 'OUTBOUND', 2, 'SO-7812', 'Deleniti quia dolorum tempora hic exercitationem.'),
                                                                                                                      ('M0750', '2025-05-11 00:00:00', 'P075', 'INBOUND', 32, 'PO-8006', 'Quam voluptatibus qui nobis sapiente laboriosam.'),
                                                                                                                      ('M0751', '2025-05-03 00:00:00', 'P075', 'OUTBOUND', 29, 'SO-5337', 'Reiciendis ratione esse corporis quod ea saepe.'),
                                                                                                                      ('M0760', '2025-05-03 00:00:00', 'P076', 'INBOUND', 12, 'PO-7113', 'Maiores deleniti mollitia aspernatur reiciendis.'),
                                                                                                                      ('M0761', '2025-05-03 00:00:00', 'P076', 'OUTBOUND', 34, 'SO-3652', 'Earum dolor expedita iste.'),
                                                                                                                      ('M0770', '2025-05-06 00:00:00', 'P077', 'INBOUND', 49, 'PO-4753', 'Pariatur officiis iure occaecati.'),
                                                                                                                      ('M0771', '2025-05-04 00:00:00', 'P077', 'OUTBOUND', 33, 'SO-7134', 'Blanditiis totam aperiam atque reiciendis dicta deserunt.'),
                                                                                                                      ('M0780', '2025-05-10 00:00:00', 'P078', 'INBOUND', 33, 'PO-1482', 'Quod suscipit natus inventore ad quam sit.'),
                                                                                                                      ('M0781', '2025-05-02 00:00:00', 'P078', 'OUTBOUND', 3, 'SO-9667', 'Eveniet voluptatum odit eius.'),
                                                                                                                      ('M0790', '2025-05-04 00:00:00', 'P079', 'INBOUND', 32, 'PO-6346', 'Iure aut nam.'),
                                                                                                                      ('M0791', '2025-05-07 00:00:00', 'P079', 'OUTBOUND', 48, 'SO-9456', 'Accusamus ab ullam eveniet odio ratione.'),
                                                                                                                      ('M0800', '2025-05-08 00:00:00', 'P080', 'INBOUND', 24, 'PO-5000', 'Laborum id vero fuga.'),
                                                                                                                      ('M0801', '2025-05-11 00:00:00', 'P080', 'OUTBOUND', 11, 'SO-3445', 'Esse nostrum sint odit minima nostrum natus.'),
                                                                                                                      ('M0810', '2025-05-04 00:00:00', 'P081', 'INBOUND', 23, 'PO-1799', 'Vitae eum possimus voluptatibus voluptatibus eligendi eum sapiente.'),
                                                                                                                      ('M0811', '2025-05-05 00:00:00', 'P081', 'OUTBOUND', 36, 'SO-6451', 'Labore ea praesentium vitae ad ullam eaque.'),
                                                                                                                      ('M0820', '2025-05-01 00:00:00', 'P082', 'INBOUND', 38, 'PO-2207', 'Quo repellendus doloremque illo sunt.'),
                                                                                                                      ('M0821', '2025-05-03 00:00:00', 'P082', 'OUTBOUND', 17, 'SO-9373', 'Accusamus nesciunt perferendis sit animi maxime in adipisci.'),
                                                                                                                      ('M0830', '2025-05-01 00:00:00', 'P083', 'INBOUND', 42, 'PO-8505', 'Cumque voluptate mollitia.'),
                                                                                                                      ('M0831', '2025-05-06 00:00:00', 'P083', 'OUTBOUND', 33, 'SO-8516', 'Officia est quis quia sapiente et repudiandae dolorum.'),
                                                                                                                      ('M0840', '2025-05-02 00:00:00', 'P084', 'INBOUND', 39, 'PO-1995', 'Omnis similique dolorem neque est magnam cumque.'),
                                                                                                                      ('M0841', '2025-05-01 00:00:00', 'P084', 'OUTBOUND', 28, 'SO-5902', 'Aperiam eos repudiandae neque unde labore iusto.'),
                                                                                                                      ('M0850', '2025-05-09 00:00:00', 'P085', 'INBOUND', 14, 'PO-5832', 'Soluta illo in magnam.'),
                                                                                                                      ('M0851', '2025-05-02 00:00:00', 'P085', 'OUTBOUND', 26, 'SO-8650', 'Sint vitae sed quibusdam distinctio fuga.'),
                                                                                                                      ('M0860', '2025-05-10 00:00:00', 'P086', 'INBOUND', 9, 'PO-5141', 'Tempore debitis sapiente sapiente doloribus necessitatibus.'),
                                                                                                                      ('M0861', '2025-05-05 00:00:00', 'P086', 'OUTBOUND', 43, 'SO-6870', 'Repellendus est vitae facilis rem iste fuga.'),
                                                                                                                      ('M0870', '2025-05-02 00:00:00', 'P087', 'INBOUND', 41, 'PO-2471', 'Cum consequuntur voluptatum eveniet.'),
                                                                                                                      ('M0871', '2025-05-03 00:00:00', 'P087', 'OUTBOUND', 37, 'SO-6296', 'Placeat veniam deleniti maxime libero.'),
                                                                                                                      ('M0880', '2025-05-03 00:00:00', 'P088', 'INBOUND', 18, 'PO-1384', 'Culpa voluptatibus amet libero.'),
                                                                                                                      ('M0881', '2025-05-11 00:00:00', 'P088', 'OUTBOUND', 7, 'SO-1094', 'Beatae incidunt qui sit.'),
                                                                                                                      ('M0890', '2025-05-11 00:00:00', 'P089', 'INBOUND', 17, 'PO-3736', 'Architecto eveniet vel exercitationem.'),
                                                                                                                      ('M0891', '2025-05-01 00:00:00', 'P089', 'OUTBOUND', 18, 'SO-6973', 'Numquam dolorem eum tempore magni.'),
                                                                                                                      ('M0900', '2025-05-01 00:00:00', 'P090', 'INBOUND', 39, 'PO-6918', 'Iure ad distinctio voluptatem nostrum hic.'),
                                                                                                                      ('M0901', '2025-05-10 00:00:00', 'P090', 'OUTBOUND', 49, 'SO-7899', 'Dicta illo dignissimos possimus reprehenderit doloremque.'),
                                                                                                                      ('M0910', '2025-05-11 00:00:00', 'P091', 'INBOUND', 41, 'PO-6363', 'Ab exercitationem dolorem harum asperiores placeat recusandae.'),
                                                                                                                      ('M0911', '2025-05-10 00:00:00', 'P091', 'OUTBOUND', 49, 'SO-5211', 'Porro recusandae minus eum ipsa aspernatur.'),
                                                                                                                      ('M0920', '2025-05-08 00:00:00', 'P092', 'INBOUND', 48, 'PO-9341', 'Consequuntur ab rem quas qui minus.'),
                                                                                                                      ('M0921', '2025-05-07 00:00:00', 'P092', 'OUTBOUND', 35, 'SO-6849', 'Maiores voluptatibus numquam ullam voluptatum odio.'),
                                                                                                                      ('M0930', '2025-05-04 00:00:00', 'P093', 'INBOUND', 32, 'PO-1597', 'Ad nihil pariatur eum nobis maxime est laborum.'),
                                                                                                                      ('M0931', '2025-05-07 00:00:00', 'P093', 'OUTBOUND', 36, 'SO-5311', 'A accusantium voluptates excepturi quo.'),
                                                                                                                      ('M0940', '2025-05-11 00:00:00', 'P094', 'INBOUND', 20, 'PO-8753', 'Reiciendis quia illum iste.'),
                                                                                                                      ('M0941', '2025-05-08 00:00:00', 'P094', 'OUTBOUND', 8, 'SO-3928', 'Distinctio saepe dolore a.'),
                                                                                                                      ('M0950', '2025-05-06 00:00:00', 'P095', 'INBOUND', 45, 'PO-3813', 'Reprehenderit ullam soluta ipsam necessitatibus possimus officia doloremque.'),
                                                                                                                      ('M0951', '2025-05-07 00:00:00', 'P095', 'OUTBOUND', 19, 'SO-2742', 'Et iusto sapiente nesciunt.'),
                                                                                                                      ('M0960', '2025-05-08 00:00:00', 'P096', 'INBOUND', 4, 'PO-9811', 'Soluta veniam alias quos cum.'),
                                                                                                                      ('M0961', '2025-05-05 00:00:00', 'P096', 'OUTBOUND', 16, 'SO-4537', 'Vero ipsa quo beatae at numquam.'),
                                                                                                                      ('M0970', '2025-05-05 00:00:00', 'P097', 'INBOUND', 47, 'PO-8103', 'Adipisci accusamus illo doloribus maiores magni animi nisi.'),
                                                                                                                      ('M0971', '2025-05-06 00:00:00', 'P097', 'OUTBOUND', 34, 'SO-5610', 'Impedit odio assumenda optio earum.'),
                                                                                                                      ('M0980', '2025-05-08 00:00:00', 'P098', 'INBOUND', 28, 'PO-7232', 'Harum fugit adipisci eos doloribus recusandae eos.'),
                                                                                                                      ('M0981', '2025-05-07 00:00:00', 'P098', 'OUTBOUND', 35, 'SO-6335', 'Mollitia est aspernatur deserunt.'),
                                                                                                                      ('M0990', '2025-05-03 00:00:00', 'P099', 'INBOUND', 8, 'PO-9893', 'Labore dolore tenetur nulla totam molestias.'),
                                                                                                                      ('M0991', '2025-05-07 00:00:00', 'P099', 'OUTBOUND', 5, 'SO-5630', 'Ad expedita necessitatibus dicta iusto cupiditate.'),
                                                                                                                      ('M1000', '2025-05-03 00:00:00', 'P100', 'INBOUND', 26, 'PO-2231', 'Veniam odio ad cumque sequi.'),
                                                                                                                      ('M1001', '2025-05-06 00:00:00', 'P100', 'OUTBOUND', 6, 'SO-9471', 'Adipisci mollitia temporibus provident.'),
                                                                                                                      ('M1010', '2025-05-05 00:00:00', 'P101', 'INBOUND', 45, 'PO-6387', 'Vitae ullam laudantium quo cupiditate atque.'),
                                                                                                                      ('M1011', '2025-05-03 00:00:00', 'P101', 'OUTBOUND', 18, 'SO-4865', 'Nisi sunt fuga repudiandae labore nemo.'),
                                                                                                                      ('M1020', '2025-05-01 00:00:00', 'P102', 'INBOUND', 12, 'PO-9200', 'Expedita beatae nostrum rem non eligendi inventore.'),
                                                                                                                      ('M1021', '2025-05-04 00:00:00', 'P102', 'OUTBOUND', 32, 'SO-3141', 'Quas voluptate dolorem atque quia atque.'),
                                                                                                                      ('M1030', '2025-05-11 00:00:00', 'P103', 'INBOUND', 35, 'PO-5935', 'Deleniti molestias dignissimos.'),
                                                                                                                      ('M1031', '2025-05-05 00:00:00', 'P103', 'OUTBOUND', 24, 'SO-8887', 'Dolore commodi odio.');
INSERT INTO current_stock (product_id, quantity, last_updated, total_inventory_cost) VALUES
                                                                                         ('P004', 4, '2025-05-08 00:00:00', 4386410),
                                                                                         ('P005', 11, '2025-05-02 00:00:00', 1247036),
                                                                                         ('P006', 0, '2025-05-01 00:00:00', 36252),
                                                                                         ('P007', 0, '2025-05-02 00:00:00', 2186820),
                                                                                         ('P008', 0, '2025-05-07 00:00:00', 925480),
                                                                                         ('P009', 21, '2025-05-11 00:00:00', 766764),
                                                                                         ('P010', 25, '2025-05-04 00:00:00', 2715624),
                                                                                         ('P011', 9, '2025-05-03 00:00:00', 803439),
                                                                                         ('P012', 0, '2025-05-04 00:00:00', 851230),
                                                                                         ('P013', 0, '2025-05-07 00:00:00', 148696),
                                                                                         ('P014', 0, '2025-05-03 00:00:00', 1481220),
                                                                                         ('P015', 25, '2025-05-06 00:00:00', 1148700),
                                                                                         ('P016', 0, '2025-05-07 00:00:00', 1508562),
                                                                                         ('P017', 29, '2025-05-04 00:00:00', 3082140),
                                                                                         ('P018', 0, '2025-05-06 00:00:00', 2233254),
                                                                                         ('P019', 13, '2025-05-09 00:00:00', 5122740),
                                                                                         ('P020', 4, '2025-05-05 00:00:00', 1013922),
                                                                                         ('P021', 29, '2025-05-03 00:00:00', 1775514),
                                                                                         ('P022', 0, '2025-05-04 00:00:00', 1686330),
                                                                                         ('P023', 18, '2025-05-02 00:00:00', 3452604),
                                                                                         ('P024', 16, '2025-05-05 00:00:00', 1804958),
                                                                                         ('P025', 0, '2025-05-08 00:00:00', 971026),
                                                                                         ('P026', 0, '2025-05-10 00:00:00', 219456),
                                                                                         ('P027', 0, '2025-05-11 00:00:00', 110712),
                                                                                         ('P028', 46, '2025-05-03 00:00:00', 5727757),
                                                                                         ('P029', 30, '2025-05-02 00:00:00', 2712600),
                                                                                         ('P030', 13, '2025-05-02 00:00:00', 2130414),
                                                                                         ('P031', 41, '2025-05-01 00:00:00', 3861004),
                                                                                         ('P032', 14, '2025-05-09 00:00:00', 1527545),
                                                                                         ('P033', 26, '2025-05-03 00:00:00', 5303556),
                                                                                         ('P034', 14, '2025-05-03 00:00:00', 4657254),
                                                                                         ('P035', 3, '2025-05-04 00:00:00', 512993),
                                                                                         ('P036', 1, '2025-05-08 00:00:00', 6776150),
                                                                                         ('P037', 14, '2025-05-06 00:00:00', 5629386),
                                                                                         ('P038', 3, '2025-05-09 00:00:00', 198436),
                                                                                         ('P039', 11, '2025-05-01 00:00:00', 2546285),
                                                                                         ('P040', 16, '2025-05-04 00:00:00', 1941502),
                                                                                         ('P041', 14, '2025-05-10 00:00:00', 1358770),
                                                                                         ('P042', 1, '2025-05-11 00:00:00', 4645696),
                                                                                         ('P043', 0, '2025-05-04 00:00:00', 366180),
                                                                                         ('P044', 0, '2025-05-05 00:00:00', 2076510),
                                                                                         ('P045', 0, '2025-05-04 00:00:00', 2547331),
                                                                                         ('P046', 21, '2025-05-01 00:00:00', 2358405),
                                                                                         ('P047', 0, '2025-05-11 00:00:00', 1430091),
                                                                                         ('P048', 0, '2025-05-01 00:00:00', 4066467),
                                                                                         ('P049', 0, '2025-05-05 00:00:00', 91476),
                                                                                         ('P050', 0, '2025-05-07 00:00:00', 679356),
                                                                                         ('P051', 12, '2025-05-03 00:00:00', 1008393),
                                                                                         ('P052', 0, '2025-05-01 00:00:00', 3974208),
                                                                                         ('P053', 42, '2025-05-01 00:00:00', 1689227),
                                                                                         ('P054', 8, '2025-05-08 00:00:00', 3314848),
                                                                                         ('P055', 24, '2025-05-10 00:00:00', 1697790),
                                                                                         ('P056', 0, '2025-05-07 00:00:00', 835720),
                                                                                         ('P057', 0, '2025-05-08 00:00:00', 3444201),
                                                                                         ('P058', 28, '2025-05-02 00:00:00', 4380200),
                                                                                         ('P059', 25, '2025-05-01 00:00:00', 6707205),
                                                                                         ('P060', 0, '2025-05-09 00:00:00', 1361830),
                                                                                         ('P061', 0, '2025-05-10 00:00:00', 224587),
                                                                                         ('P062', 20, '2025-05-09 00:00:00', 1120350),
                                                                                         ('P063', 0, '2025-05-01 00:00:00', 900305),
                                                                                         ('P064', 1, '2025-05-07 00:00:00', 837072),
                                                                                         ('P065', 0, '2025-05-08 00:00:00', 65504),
                                                                                         ('P066', 38, '2025-05-04 00:00:00', 6405476),
                                                                                         ('P067', 0, '2025-05-04 00:00:00', 912632),
                                                                                         ('P068', 0, '2025-05-11 00:00:00', 779090),
                                                                                         ('P069', 19, '2025-05-05 00:00:00', 389383),
                                                                                         ('P070', 0, '2025-05-05 00:00:00', 970245),
                                                                                         ('P071', 0, '2025-05-06 00:00:00', 1694364),
                                                                                         ('P072', 28, '2025-05-03 00:00:00', 2489490),
                                                                                         ('P073', 0, '2025-05-03 00:00:00', 352750),
                                                                                         ('P074', 4, '2025-05-05 00:00:00', 454086),
                                                                                         ('P075', 3, '2025-05-03 00:00:00', 4387232),
                                                                                         ('P076', 0, '2025-05-03 00:00:00', 495864),
                                                                                         ('P077', 16, '2025-05-04 00:00:00', 5819387),
                                                                                         ('P078', 30, '2025-05-02 00:00:00', 1992771),
                                                                                         ('P079', 0, '2025-05-07 00:00:00', 2017280),
                                                                                         ('P080', 13, '2025-05-11 00:00:00', 2708400),
                                                                                         ('P081', 0, '2025-05-05 00:00:00', 1498358),
                                                                                         ('P082', 21, '2025-05-03 00:00:00', 3432806),
                                                                                         ('P083', 9, '2025-05-06 00:00:00', 5653620),
                                                                                         ('P084', 11, '2025-05-01 00:00:00', 5517174),
                                                                                         ('P085', 0, '2025-05-02 00:00:00', 1581720),
                                                                                         ('P086', 0, '2025-05-05 00:00:00', 1000206),
                                                                                         ('P087', 4, '2025-05-03 00:00:00', 3935139),
                                                                                         ('P088', 11, '2025-05-11 00:00:00', 1230390),
                                                                                         ('P089', 0, '2025-05-01 00:00:00', 2398462),
                                                                                         ('P090', 0, '2025-05-10 00:00:00', 3750903),
                                                                                         ('P091', 0, '2025-05-10 00:00:00', 615451),
                                                                                         ('P092', 13, '2025-05-07 00:00:00', 583392),
                                                                                         ('P093', 0, '2025-05-07 00:00:00', 3762176),
                                                                                         ('P094', 12, '2025-05-08 00:00:00', 2831380),
                                                                                         ('P095', 26, '2025-05-07 00:00:00', 2176695),
                                                                                         ('P096', 0, '2025-05-05 00:00:00', 424520),
                                                                                         ('P097', 13, '2025-05-06 00:00:00', 1887097),
                                                                                         ('P098', 0, '2025-05-07 00:00:00', 2751952),
                                                                                         ('P099', 3, '2025-05-07 00:00:00', 106064),
                                                                                         ('P100', 20, '2025-05-06 00:00:00', 1561300),
                                                                                         ('P101', 27, '2025-05-03 00:00:00', 890100),
                                                                                         ('P102', 0, '2025-05-04 00:00:00', 874308),
                                                                                         ('P103', 11, '2025-05-05 00:00:00', 826945);
INSERT INTO predictor_stock (prediction_date, product_id, predicted_quantity, predicted_sales, is_holiday, note) VALUES
                                                                                                                     ('2025-06-01', 'P004', 38, 5714858.00, FALSE, 'A illo nemo facere modi.'),
                                                                                                                     ('2025-06-01', 'P005', 49, 5237512.00, TRUE, 'Aliquam quibusdam nihil eveniet quos.'),
                                                                                                                     ('2025-06-01', 'P006', 13, 141375.00, TRUE, 'Facere aspernatur error tempora placeat.'),
                                                                                                                     ('2025-06-01', 'P007', 40, 5248360.00, FALSE, 'Delectus dicta accusamus repellendus.'),
                                                                                                                     ('2025-06-01', 'P008', 9, 587952.00, TRUE, 'Consequuntur exercitationem quos.'),
                                                                                                                     ('2025-06-01', 'P009', 40, 1022320.00, FALSE, 'Recusandae nostrum enim ab enim.'),
                                                                                                                     ('2025-06-01', 'P010', 50, 4526000.00, FALSE, 'Perferendis qui voluptatibus.'),
                                                                                                                     ('2025-06-01', 'P011', 30, 2224890.00, FALSE, 'Repellat eius odio facilis recusandae.'),
                                                                                                                     ('2025-06-01', 'P012', 37, 1643244.00, FALSE, 'Libero explicabo autem ab.'),
                                                                                                                     ('2025-06-01', 'P013', 49, 2185792.00, TRUE, 'Doloribus ullam autem at illum exercitationem.'),
                                                                                                                     ('2025-06-01', 'P014', 39, 2567448.00, FALSE, 'Quis voluptas laudantium quibusdam iusto eos.'),
                                                                                                                     ('2025-06-01', 'P015', 12, 551376.00, FALSE, 'Rem nam minima ab harum id.'),
                                                                                                                     ('2025-06-01', 'P016', 19, 3126830.00, TRUE, 'Numquam vero deleniti sint maiores officia.'),
                                                                                                                     ('2025-06-01', 'P017', 15, 1541070.00, FALSE, 'Expedita molestiae sit.'),
                                                                                                                     ('2025-06-01', 'P018', 32, 1864256.00, FALSE, 'Recusandae ratione labore nulla laboriosam.'),
                                                                                                                     ('2025-06-01', 'P019', 17, 2488188.00, FALSE, 'Ullam minima enim nostrum sit ex.'),
                                                                                                                     ('2025-06-01', 'P020', 13, 1757457.00, TRUE, 'Doloribus ipsum atque.'),
                                                                                                                     ('2025-06-01', 'P021', 35, 1912085.00, FALSE, 'Autem sed quis voluptatum officia.'),
                                                                                                                     ('2025-06-01', 'P022', 38, 1875528.00, TRUE, 'Placeat deserunt pariatur tenetur rem.'),
                                                                                                                     ('2025-06-01', 'P023', 5, 545145.00, FALSE, 'Sint error pariatur perferendis nisi consectetur.'),
                                                                                                                     ('2025-06-01', 'P024', 11, 1401488.00, FALSE, 'Assumenda qui esse placeat repudiandae.'),
                                                                                                                     ('2025-06-01', 'P025', 10, 832300.00, FALSE, 'Fuga ratione odit asperiores.'),
                                                                                                                     ('2025-06-01', 'P026', 9, 592524.00, FALSE, 'Omnis fugit deserunt totam dolore.'),
                                                                                                                     ('2025-06-01', 'P027', 31, 2059237.00, FALSE, 'Minima culpa nam a.'),
                                                                                                                     ('2025-06-01', 'P028', 35, 4909485.00, TRUE, 'Quos voluptates sint deleniti.'),
                                                                                                                     ('2025-06-01', 'P029', 14, 1380960.00, FALSE, 'Tenetur impedit quas ad nostrum.'),
                                                                                                                     ('2025-06-01', 'P030', 15, 1743060.00, FALSE, 'Cum magni neque incidunt ut.'),
                                                                                                                     ('2025-06-01', 'P031', 48, 4538640.00, FALSE, 'Fuga iusto praesentium alias pariatur amet.'),
                                                                                                                     ('2025-06-01', 'P032', 10, 495420.00, TRUE, 'Ipsum nam eos omnis.'),
                                                                                                                     ('2025-06-01', 'P033', 50, 8839250.00, FALSE, 'Atque commodi temporibus nulla voluptate.'),
                                                                                                                     ('2025-06-01', 'P034', 21, 2395155.00, FALSE, 'Eum perferendis debitis unde adipisci dolor ipsum.'),
                                                                                                                     ('2025-06-01', 'P035', 22, 1041766.00, FALSE, 'Quas alias est nam dicta modi.'),
                                                                                                                     ('2025-06-01', 'P036', 48, 7806096.00, FALSE, 'Voluptatem aliquid blanditiis.'),
                                                                                                                     ('2025-06-01', 'P037', 45, 7237755.00, TRUE, 'Aperiam temporibus asperiores.'),
                                                                                                                     ('2025-06-01', 'P038', 7, 59528.00, TRUE, 'Sapiente quia aspernatur.'),
                                                                                                                     ('2025-06-01', 'P039', 27, 1683666.00, FALSE, 'Non ipsa quod explicabo similique.'),
                                                                                                                     ('2025-06-01', 'P040', 12, 822276.00, FALSE, 'Voluptatum dolores sapiente quas similique.'),
                                                                                                                     ('2025-06-01', 'P041', 46, 1595832.00, TRUE, 'Suscipit est exercitationem voluptate cum.'),
                                                                                                                     ('2025-06-01', 'P042', 36, 4561200.00, TRUE, 'Reprehenderit quasi quas rerum voluptatem sit.'),
                                                                                                                     ('2025-06-01', 'P043', 8, 585888.00, TRUE, 'Cupiditate quae suscipit vel.'),
                                                                                                                     ('2025-06-01', 'P044', 29, 3803292.00, TRUE, 'Sint quo repudiandae error.'),
                                                                                                                     ('2025-06-01', 'P045', 25, 2635150.00, TRUE, 'Corporis recusandae distinctio.'),
                                                                                                                     ('2025-06-01', 'P046', 10, 628900.00, FALSE, 'Iusto veniam maxime itaque deleniti.'),
                                                                                                                     ('2025-06-01', 'P047', 28, 2826516.00, FALSE, 'Doloremque molestiae ipsa.'),
                                                                                                                     ('2025-06-01', 'P048', 13, 1475266.00, FALSE, 'Quisquam deleniti suscipit amet nulla.'),
                                                                                                                     ('2025-06-01', 'P049', 10, 121960.00, TRUE, 'In fuga odit soluta fuga quos.'),
                                                                                                                     ('2025-06-01', 'P050', 10, 679350.00, TRUE, 'Corporis iste rem.'),
                                                                                                                     ('2025-06-01', 'P051', 38, 1069358.00, TRUE, 'Corrupti officia consequuntur asperiores.'),
                                                                                                                     ('2025-06-01', 'P052', 12, 1788384.00, FALSE, 'Fugit quae asperiores pariatur.'),
                                                                                                                     ('2025-06-01', 'P053', 19, 819451.00, TRUE, 'Est qui facere libero voluptas esse.'),
                                                                                                                     ('2025-06-01', 'P054', 29, 3604874.00, TRUE, 'Voluptatem aliquam cupiditate ab.'),
                                                                                                                     ('2025-06-01', 'P055', 24, 1629864.00, FALSE, 'Cumque vel voluptates voluptatum corrupti.'),
                                                                                                                     ('2025-06-01', 'P056', 26, 651846.00, FALSE, 'Modi quo ducimus delectus.'),
                                                                                                                     ('2025-06-01', 'P057', 50, 7653750.00, TRUE, 'Saepe ut sit quia laboriosam.'),
                                                                                                                     ('2025-06-01', 'P058', 48, 5045952.00, TRUE, 'Eligendi culpa earum dolorem alias.'),
                                                                                                                     ('2025-06-01', 'P059', 31, 5544598.00, FALSE, 'Cumque occaecati ut.'),
                                                                                                                     ('2025-06-01', 'P060', 10, 1634190.00, TRUE, 'Cumque nostrum ipsa magnam architecto debitis.'),
                                                                                                                     ('2025-06-01', 'P061', 14, 221942.00, TRUE, 'Numquam mollitia perspiciatis deleniti.'),
                                                                                                                     ('2025-06-01', 'P062', 48, 2933280.00, FALSE, 'Facilis quo natus.'),
                                                                                                                     ('2025-06-01', 'P063', 44, 1639176.00, TRUE, 'Laborum maxime eligendi nihil.'),
                                                                                                                     ('2025-06-01', 'P064', 20, 2232180.00, TRUE, 'Ab tenetur repellendus distinctio.'),
                                                                                                                     ('2025-06-01', 'P065', 49, 1925798.00, FALSE, 'Itaque aut hic unde quasi.'),
                                                                                                                     ('2025-06-01', 'P066', 28, 4891432.00, TRUE, 'Animi ipsam corporis esse.'),
                                                                                                                     ('2025-06-01', 'P067', 26, 3559244.00, TRUE, 'Laudantium laborum necessitatibus laboriosam.'),
                                                                                                                     ('2025-06-01', 'P068', 13, 1215370.00, FALSE, 'Nostrum praesentium deleniti veniam.'),
                                                                                                                     ('2025-06-01', 'P069', 41, 660592.00, FALSE, 'Omnis commodi iure doloremque ad maiores.'),
                                                                                                                     ('2025-06-01', 'P070', 12, 931428.00, TRUE, 'Natus provident enim quidem.'),
                                                                                                                     ('2025-06-01', 'P071', 34, 5760824.00, FALSE, 'Necessitatibus odit perferendis eius reprehenderit non.'),
                                                                                                                     ('2025-06-01', 'P072', 36, 2389896.00, TRUE, 'Dolore facilis laudantium.'),
                                                                                                                     ('2025-06-01', 'P073', 10, 169320.00, FALSE, 'Voluptatibus eius recusandae.'),
                                                                                                                     ('2025-06-01', 'P074', 34, 3087778.00, FALSE, 'Neque at maxime quidem saepe quod.'),
                                                                                                                     ('2025-06-01', 'P075', 28, 4606588.00, FALSE, 'Omnis voluptatum assumenda.'),
                                                                                                                     ('2025-06-01', 'P076', 19, 942134.00, TRUE, 'Iusto quam impedit delectus.'),
                                                                                                                     ('2025-06-01', 'P077', 12, 1710180.00, FALSE, 'Mollitia quia quaerat magnam eaque.'),
                                                                                                                     ('2025-06-01', 'P078', 31, 2246384.00, FALSE, 'Error provident sunt dignissimos dolorem dolore.'),
                                                                                                                     ('2025-06-01', 'P079', 40, 3025920.00, TRUE, 'Mollitia libero accusamus voluptatem.'),
                                                                                                                     ('2025-06-01', 'P080', 17, 2302140.00, TRUE, 'Blanditiis eaque corrupti.'),
                                                                                                                     ('2025-06-01', 'P081', 20, 1563500.00, TRUE, 'Laborum explicabo dolorum tempora.'),
                                                                                                                     ('2025-06-01', 'P082', 26, 2818504.00, TRUE, 'Sapiente temporibus blanditiis occaecati.'),
                                                                                                                     ('2025-06-01', 'P083', 34, 5492088.00, TRUE, 'Possimus tempora fugiat cupiditate voluptas.'),
                                                                                                                     ('2025-06-01', 'P084', 34, 5771806.00, FALSE, 'Exercitationem ipsa consectetur quaerat porro.'),
                                                                                                                     ('2025-06-01', 'P085', 22, 2982672.00, FALSE, 'Quam eum soluta itaque nam sit.'),
                                                                                                                     ('2025-06-01', 'P086', 13, 1733680.00, TRUE, 'Cum illum aut quaerat incidunt debitis.'),
                                                                                                                     ('2025-06-01', 'P087', 37, 4261438.00, FALSE, 'Maiores ex accusamus fuga consectetur.'),
                                                                                                                     ('2025-06-01', 'P088', 24, 1968624.00, TRUE, 'Eos consequatur placeat enim natus.'),
                                                                                                                     ('2025-06-01', 'P089', 23, 3893969.00, FALSE, 'Dolor consectetur modi voluptates.'),
                                                                                                                     ('2025-06-01', 'P090', 30, 3462360.00, TRUE, 'Vel error debitis et assumenda.'),
                                                                                                                     ('2025-06-01', 'P091', 10, 180130.00, TRUE, 'Facilis corrupti voluptate.'),
                                                                                                                     ('2025-06-01', 'P092', 9, 131256.00, FALSE, 'Pariatur architecto fuga.'),
                                                                                                                     ('2025-06-01', 'P093', 49, 6912969.00, FALSE, 'Enim fuga impedit officiis.'),
                                                                                                                     ('2025-06-01', 'P094', 9, 1528938.00, TRUE, 'Dicta aut quis laboriosam iste.'),
                                                                                                                     ('2025-06-01', 'P095', 33, 1915485.00, FALSE, 'Quasi aut nihil esse assumenda maiores.'),
                                                                                                                     ('2025-06-01', 'P096', 14, 1782984.00, FALSE, 'Tempora dignissimos molestias earum minima maxime.'),
                                                                                                                     ('2025-06-01', 'P097', 8, 385448.00, TRUE, 'Fugiat omnis saepe.'),
                                                                                                                     ('2025-06-01', 'P098', 31, 3656140.00, TRUE, 'Dolores repellendus officia quam error commodi.'),
                                                                                                                     ('2025-06-01', 'P099', 9, 143181.00, FALSE, 'Veniam repellat vero voluptatibus eum cum.'),
                                                                                                                     ('2025-06-01', 'P100', 49, 3530940.00, TRUE, 'Porro laborum sint molestias possimus.'),
                                                                                                                     ('2025-06-01', 'P101', 40, 949440.00, FALSE, 'Nam exercitationem nesciunt expedita.'),
                                                                                                                     ('2025-06-01', 'P102', 43, 3759490.00, FALSE, 'Totam maiores maiores placeat magni.'),
                                                                                                                     ('2025-06-01', 'P103', 34, 963968.00, TRUE, 'Ducimus quasi fugit.');

-- ROLES
INSERT INTO roles (name) VALUES
                             ('ROLE_ADMIN'),
                             ('ROLE_USER');

-- USUARIOS
INSERT INTO users (username, password, enabled) VALUES
                                                    ('admin', '$2a$10$7Q0VLZEM0r0KtW6vFd3nGuZ0zYddjJdFrh5NruztTO3ZBjxGnpCZS', TRUE),
                                                    ('usuario', '$2a$10$CSznGy2zkzE88V2Qlmy9Euqpq4RXoh1zVm.GXyyZLPuEdQLBKND7i', TRUE);
